,Unnamed: 0,id,municipio,data,precipitacao,temperatura_maxima,temperatura_minima,temperatura_media,umidade_relativa_media,quantidade_notificacoes,label,final_label
0,3604,3604,CANAVIEIRAS,03/01/2001,0.0,29.9,21.0,26.46,76.5,1,0,Não ciclo
1,3605,3605,CANAVIEIRAS,29/01/2001,0.0,30.3,22.1,26.84,76.25,1,0,Não ciclo
2,3606,3606,CANAVIEIRAS,30/01/2001,0.0,30.5,23.0,26.78,73.75,1,0,Não ciclo
3,3607,3607,CANAVIEIRAS,06/03/2001,4.3,29.1,23.0,26.1,86.0,2,0,Não ciclo
4,3608,3608,CANAVIEIRAS,07/03/2001,0.8,30.2,22.1,27.12,76.75,1,0,Não ciclo
5,3609,3609,CANAVIEIRAS,16/03/2001,0.6,30.5,22.0,26.16,82.75,1,0,Não ciclo
6,3610,3610,CANAVIEIRAS,19/03/2001,0.0,30.4,19.9,26.62,72.75,2,0,Não ciclo
7,3611,3611,CANAVIEIRAS,21/03/2001,0.0,30.5,22.3,26.08,79.5,1,0,Não ciclo
8,3612,3612,CANAVIEIRAS,26/03/2001,0.3,30.4,22.5,26.96,79.0,1,0,Não ciclo
9,3613,3613,CANAVIEIRAS,29/03/2001,0.5,30.6,22.1,27.04,72.75,1,0,Não ciclo
10,3614,3614,CANAVIEIRAS,05/04/2001,0.8,29.8,21.2,25.4,84.75,1,0,Não ciclo
11,3615,3615,CANAVIEIRAS,06/04/2001,7.0,29.5,22.4,26.28,75.5,1,0,Não ciclo
12,3616,3616,CANAVIEIRAS,09/04/2001,0.2,29.7,21.2,26.16,76.25,2,0,Não ciclo
13,3617,3617,CANAVIEIRAS,18/04/2001,0.9,29.5,21.1,24.8,84.75,1,0,Não ciclo
14,3618,3618,CANAVIEIRAS,19/04/2001,6.5,29.6,20.9,25.36,80.25,1,0,Não ciclo
15,3619,3619,CANAVIEIRAS,20/04/2001,27.0,28.4,21.6,25.4,82.25,1,0,Não ciclo
16,3620,3620,CANAVIEIRAS,27/04/2001,0.5,29.4,20.6,24.76,85.5,1,0,Não ciclo
17,3621,3621,CANAVIEIRAS,30/04/2001,3.8,28.2,20.8,24.06,91.0,6,0,Não ciclo
18,3622,3622,CANAVIEIRAS,01/05/2001,3.5,30.0,20.6,25.44,83.5,1,0,Não ciclo
19,3623,3623,CANAVIEIRAS,02/05/2001,3.3,29.6,22.5,26.98,72.5,4,0,Não ciclo
20,3624,3624,CANAVIEIRAS,03/05/2001,0.9,28.8,21.2,24.22,94.25,1,0,Não ciclo
21,3625,3625,CANAVIEIRAS,04/05/2001,6.3,28.9,20.8,24.3,80.0,1,0,Não ciclo
22,3626,3626,CANAVIEIRAS,05/05/2001,0.0,29.2,19.0,25.24,80.25,1,0,Não ciclo
23,3627,3627,CANAVIEIRAS,07/05/2001,0.9,28.4,21.7,24.54,90.5,3,0,Não ciclo
24,3628,3628,CANAVIEIRAS,08/05/2001,0.3,28.7,21.9,25.2,84.5,1,0,Não ciclo
25,3629,3629,CANAVIEIRAS,09/05/2001,0.0,28.4,21.6,24.78,83.25,1,0,Não ciclo
26,3630,3630,CANAVIEIRAS,10/05/2001,0.0,29.1,21.0,25.7,82.0,1,0,Não ciclo
27,3631,3631,CANAVIEIRAS,14/05/2001,0.0,29.0,22.1,24.78,86.75,2,0,Não ciclo
28,3632,3632,CANAVIEIRAS,15/05/2001,0.0,27.3,20.8,23.86,88.75,2,0,Não ciclo
29,3633,3633,CANAVIEIRAS,16/05/2001,28.3,26.0,20.2,22.88,92.5,1,0,Não ciclo
30,3634,3634,CANAVIEIRAS,22/05/2001,0.0,27.6,18.0,22.36,80.5,1,0,Não ciclo
31,3635,3635,CANAVIEIRAS,23/05/2001,0.0,28.1,17.9,22.72,84.0,1,0,Não ciclo
32,3636,3636,CANAVIEIRAS,24/05/2001,0.0,28.2,18.9,23.32,87.25,1,0,Não ciclo
33,3637,3637,CANAVIEIRAS,28/05/2001,16.1,26.8,21.4,24.18,92.75,3,0,Não ciclo
34,3638,3638,CANAVIEIRAS,29/05/2001,22.4,25.5,21.4,23.58,94.75,1,0,Não ciclo
35,3639,3639,CANAVIEIRAS,31/05/2001,15.4,28.2,20.5,23.9,87.0,1,0,Não ciclo
36,3640,3640,CANAVIEIRAS,18/06/2001,0.0,27.5,18.1,22.32,83.3,1,0,Não ciclo
37,3641,3641,CANAVIEIRAS,22/06/2001,4.0,25.8,19.8,22.32,87.5,1,0,Não ciclo
38,3642,3642,CANAVIEIRAS,12/07/2001,0.6,27.0,19.1,23.4,85.3,1,0,Não ciclo
39,3643,3643,CANAVIEIRAS,30/07/2001,0.2,24.9,18.9,21.44,91.0,1,0,Não ciclo
40,3644,3644,CANAVIEIRAS,21/09/2001,12.3,26.5,19.8,22.42,77.3,1,0,Não ciclo
41,3645,3645,CANAVIEIRAS,12/11/2001,0.0,30.2,19.4,25.86,80.25,1,0,Não ciclo
42,3646,3646,CANAVIEIRAS,25/02/2002,0.0,30.3,23.5,26.74,76.75,1,0,Não ciclo
43,3647,3647,CANAVIEIRAS,27/02/2002,0.0,30.0,20.5,25.94,73.25,3,0,Não ciclo
44,3648,3648,CANAVIEIRAS,01/03/2002,0.8,30.8,22.6,26.16,80.25,1,0,Não ciclo
45,3649,3649,CANAVIEIRAS,04/03/2002,38.0,30.4,21.8,25.82,86.0,1,0,Não ciclo
46,3650,3650,CANAVIEIRAS,05/03/2002,7.8,26.5,22.8,23.94,91.5,1,0,Não ciclo
47,3651,3651,CANAVIEIRAS,06/03/2002,40.3,30.4,22.4,26.78,77.75,2,0,Não ciclo
48,3652,3652,CANAVIEIRAS,07/03/2002,0.6,30.0,21.7,25.38,77.75,5,0,Não ciclo
49,3653,3653,CANAVIEIRAS,11/03/2002,19.5,29.6,22.8,25.76,84.0,1,0,Não ciclo
50,3654,3654,CANAVIEIRAS,13/03/2002,7.8,29.8,22.4,26.36,80.75,1,0,Não ciclo
51,3655,3655,CANAVIEIRAS,14/03/2002,3.4,30.4,21.4,26.64,71.0,1,0,Não ciclo
52,3656,3656,CANAVIEIRAS,19/03/2002,1.4,30.4,22.9,26.22,85.25,1,0,Não ciclo
53,3657,3657,CANAVIEIRAS,26/03/2002,0.0,30.0,22.9,27.3,72.75,1,0,Não ciclo
54,3658,3658,CANAVIEIRAS,03/04/2002,2.2,29.6,23.2,26.24,76.5,1,0,Não ciclo
55,3659,3659,CANAVIEIRAS,04/04/2002,0.0,27.8,21.0,24.76,83.0,1,0,Não ciclo
56,3660,3660,CANAVIEIRAS,05/04/2002,2.2,29.7,24.0,25.74,84.25,1,0,Não ciclo
57,3661,3661,CANAVIEIRAS,15/04/2002,0.0,30.4,21.6,26.3,75.75,1,0,Não ciclo
58,3662,3662,CANAVIEIRAS,17/04/2002,8.2,29.5,22.9,25.3,84.25,1,0,Não ciclo
59,3663,3663,CANAVIEIRAS,23/04/2002,11.2,29.8,22.0,24.88,87.5,2,0,Não ciclo
60,3664,3664,CANAVIEIRAS,24/04/2002,18.5,29.8,22.0,25.24,84.25,1,0,Não ciclo
61,3665,3665,CANAVIEIRAS,25/04/2002,4.3,29.5,22.4,25.38,86.0,1,0,Não ciclo
62,3666,3666,CANAVIEIRAS,29/04/2002,0.0,29.5,19.3,24.08,81.0,1,0,Não ciclo
63,3667,3667,CANAVIEIRAS,09/05/2002,0.0,27.2,20.2,24.56,80.5,1,0,Não ciclo
64,3668,3668,CANAVIEIRAS,15/05/2002,2.2,28.5,21.4,24.26,85.5,1,0,Não ciclo
65,3669,3669,CANAVIEIRAS,17/10/2002,1.6,28.6,20.1,24.82,76.0,11,1,Ciclo
66,3670,3670,CANAVIEIRAS,07/11/2002,0.3,26.9,20.7,23.0,86.25,1,0,Ciclo
67,3671,3671,CANAVIEIRAS,09/11/2002,0.0,27.8,20.8,24.18,85.75,1,0,Ciclo
68,3672,3672,CANAVIEIRAS,11/11/2002,0.3,29.0,22.0,26.08,80.0,1,0,Ciclo
69,3673,3673,CANAVIEIRAS,13/11/2002,0.0,29.0,20.5,25.68,73.25,2,0,Ciclo
70,3674,3674,CANAVIEIRAS,29/11/2002,0.0,29.9,21.7,26.18,81.25,1,0,Ciclo
71,3675,3675,CANAVIEIRAS,11/12/2002,4.6,29.9,24.0,26.7,85.25,1,0,Ciclo
72,3676,3676,CANAVIEIRAS,18/12/2002,0.0,30.6,23.5,27.36,82.0,4,0,Ciclo
73,3677,3677,CANAVIEIRAS,07/01/2003,0.0,30.5,24.9,27.26,81.0,1,0,Ciclo
74,3678,3678,CANAVIEIRAS,09/01/2003,0.0,31.2,22.9,26.98,87.0,1,0,Ciclo
75,3679,3679,CANAVIEIRAS,10/01/2003,0.0,30.8,23.2,27.0,82.25,1,0,Ciclo
76,3680,3680,CANAVIEIRAS,31/01/2003,1.1,31.1,22.8,26.74,84.75,1,0,Ciclo
77,3681,3681,CANAVIEIRAS,02/02/2003,6.3,30.0,23.4,25.58,89.25,1,0,Ciclo
78,3682,3682,CANAVIEIRAS,03/02/2003,2.2,30.9,22.4,26.98,85.75,1,0,Ciclo
79,3683,3683,CANAVIEIRAS,04/02/2003,9.2,30.5,23.6,27.22,83.75,1,0,Ciclo
80,3684,3684,CANAVIEIRAS,11/02/2003,0.0,30.3,21.1,26.68,79.75,1,0,Ciclo
81,3685,3685,CANAVIEIRAS,13/02/2003,0.8,30.3,20.9,26.52,79.75,1,0,Ciclo
82,3686,3686,CANAVIEIRAS,14/02/2003,0.2,30.4,22.9,27.3,76.0,1,0,Ciclo
83,3687,3687,CANAVIEIRAS,20/02/2003,0.0,30.5,23.0,27.66,80.0,1,0,Ciclo
84,3688,3688,CANAVIEIRAS,07/03/2003,0.0,31.1,22.3,27.68,81.5,5,0,Ciclo
85,3689,3689,CANAVIEIRAS,11/03/2003,20.8,30.7,22.7,26.76,86.0,1,0,Ciclo
86,3690,3690,CANAVIEIRAS,12/03/2003,5.3,30.1,21.0,26.7,81.25,1,0,Ciclo
87,3691,3691,CANAVIEIRAS,13/03/2003,0.0,30.6,22.5,27.26,86.75,1,0,Ciclo
88,3692,3692,CANAVIEIRAS,17/03/2003,0.0,30.8,21.7,27.02,84.0,1,0,Ciclo
89,3693,3693,CANAVIEIRAS,18/03/2003,0.0,30.6,23.0,26.32,87.25,1,0,Ciclo
90,3694,3694,CANAVIEIRAS,23/03/2003,15.4,29.0,23.1,26.02,88.5,1,0,Ciclo
91,3695,3695,CANAVIEIRAS,24/03/2003,0.5,30.5,22.2,26.26,85.75,2,0,Ciclo
92,3696,3696,CANAVIEIRAS,25/03/2003,0.2,30.6,22.8,26.12,86.0,4,0,Ciclo
93,3697,3697,CANAVIEIRAS,26/03/2003,1.9,31.0,22.7,26.14,85.25,1,0,Ciclo
94,3698,3698,CANAVIEIRAS,28/03/2003,0.8,29.6,22.0,25.72,89.5,1,0,Ciclo
95,3699,3699,CANAVIEIRAS,31/03/2003,0.0,31.1,22.7,26.36,85.25,3,0,Ciclo
96,3700,3700,CANAVIEIRAS,07/04/2003,0.0,30.9,22.9,27.64,81.25,1,0,Ciclo
97,3701,3701,CANAVIEIRAS,09/04/2003,0.0,31.6,22.0,27.32,85.25,2,0,Ciclo
98,3702,3702,CANAVIEIRAS,11/04/2003,0.0,31.4,24.1,28.1,83.5,5,0,Ciclo
99,3703,3703,CANAVIEIRAS,14/04/2003,46.1,31.4,22.3,24.9,93.75,1,0,Ciclo
100,3704,3704,CANAVIEIRAS,15/04/2003,64.6,26.4,21.5,23.58,94.5,2,0,Ciclo
101,3705,3705,CANAVIEIRAS,16/04/2003,16.8,28.1,22.1,24.08,92.5,3,0,Ciclo
102,3706,3706,CANAVIEIRAS,17/04/2003,13.7,27.0,21.6,23.96,94.25,1,0,Ciclo
103,3707,3707,CANAVIEIRAS,22/04/2003,0.0,30.6,22.2,25.48,87.75,5,0,Ciclo
104,3708,3708,CANAVIEIRAS,23/04/2003,21.0,30.0,22.4,25.8,87.0,1,0,Ciclo
105,3709,3709,CANAVIEIRAS,24/04/2003,8.2,30.2,22.8,25.88,91.5,2,0,Ciclo
106,3710,3710,CANAVIEIRAS,25/04/2003,1.6,29.8,22.5,25.78,89.75,2,0,Ciclo
107,3711,3711,CANAVIEIRAS,28/04/2003,0.0,30.6,20.6,25.2,85.5,5,0,Ciclo
108,3712,3712,CANAVIEIRAS,29/04/2003,0.0,29.8,21.0,26.2,83.5,6,0,Ciclo
109,3713,3713,CANAVIEIRAS,30/04/2003,0.0,30.0,21.2,26.32,83.25,14,1,Ciclo
110,3714,3714,CANAVIEIRAS,02/05/2003,0.0,30.4,21.3,26.38,84.0,1,0,Ciclo
111,3715,3715,CANAVIEIRAS,04/05/2003,0.0,29.6,22.0,24.52,81.5,1,0,Ciclo
112,3716,3716,CANAVIEIRAS,05/05/2003,0.0,28.0,20.2,23.44,83.75,8,1,Ciclo
113,3717,3717,CANAVIEIRAS,06/05/2003,0.0,29.2,18.4,24.84,80.5,12,1,Ciclo
114,3718,3718,CANAVIEIRAS,07/05/2003,0.0,30.2,20.0,26.48,85.25,15,1,Ciclo
115,3719,3719,CANAVIEIRAS,08/05/2003,0.0,30.3,22.0,27.04,85.25,14,1,Ciclo
116,3720,3720,CANAVIEIRAS,09/05/2003,0.0,28.2,22.4,24.6,94.0,3,0,Ciclo
117,3721,3721,CANAVIEIRAS,10/05/2003,25.0,28.4,21.6,24.28,84.25,1,0,Ciclo
118,3722,3722,CANAVIEIRAS,11/05/2003,2.6,27.8,20.6,23.2,92.25,1,0,Ciclo
119,3723,3723,CANAVIEIRAS,12/05/2003,7.1,26.2,19.7,22.88,92.0,10,1,Ciclo
120,3724,3724,CANAVIEIRAS,13/05/2003,7.1,28.2,21.0,23.76,93.0,13,1,Ciclo
121,3725,3725,CANAVIEIRAS,14/05/2003,32.4,26.9,21.5,23.84,90.5,10,1,Ciclo
122,3726,3726,CANAVIEIRAS,15/05/2003,6.8,27.2,21.5,23.98,91.5,2,0,Ciclo
123,3727,3727,CANAVIEIRAS,16/05/2003,18.2,28.0,20.0,23.24,87.75,12,1,Ciclo
124,3728,3728,CANAVIEIRAS,17/05/2003,18.0,27.0,21.4,23.36,92.25,1,0,Ciclo
125,3729,3729,CANAVIEIRAS,19/05/2003,10.5,28.4,21.5,23.46,86.5,12,1,Ciclo
126,3730,3730,CANAVIEIRAS,20/05/2003,8.2,27.5,20.4,23.02,89.0,2,0,Ciclo
127,3731,3731,CANAVIEIRAS,22/05/2003,0.0,28.6,19.7,23.86,91.25,8,1,Ciclo
128,3732,3732,CANAVIEIRAS,23/05/2003,0.0,28.8,19.7,25.14,88.5,4,0,Ciclo
129,3733,3733,CANAVIEIRAS,26/05/2003,0.0,29.9,23.0,25.86,88.25,7,0,Ciclo
130,3734,3734,CANAVIEIRAS,27/05/2003,3.5,29.2,21.7,24.74,91.0,5,0,Ciclo
131,3735,3735,CANAVIEIRAS,28/05/2003,16.4,26.8,21.4,24.6,80.75,2,0,Ciclo
132,3736,3736,CANAVIEIRAS,29/05/2003,3.7,27.7,21.0,23.98,82.75,1,0,Ciclo
133,3737,3737,CANAVIEIRAS,30/05/2003,0.0,27.5,20.5,23.48,84.75,2,0,Ciclo
134,3738,3738,CANAVIEIRAS,02/06/2003,3.5,26.0,21.3,22.98,93.25,2,0,Ciclo
135,3739,3739,CANAVIEIRAS,03/06/2003,7.4,28.2,19.9,23.98,89.25,8,1,Ciclo
136,3740,3740,CANAVIEIRAS,05/06/2003,4.4,28.9,21.4,24.78,86.5,3,0,Ciclo
137,3741,3741,CANAVIEIRAS,06/06/2003,0.0,28.6,21.0,24.28,84.5,1,0,Ciclo
138,3742,3742,CANAVIEIRAS,09/06/2003,2.1,28.0,20.4,23.4,85.5,8,1,Ciclo
139,3743,3743,CANAVIEIRAS,10/06/2003,1.8,28.1,19.6,23.58,86.75,3,0,Ciclo
140,3744,3744,CANAVIEIRAS,12/06/2003,0.0,28.3,20.0,22.94,87.75,1,0,Ciclo
141,3745,3745,CANAVIEIRAS,17/06/2003,1.1,26.8,17.6,22.36,82.5,2,0,Ciclo
142,3746,3746,CANAVIEIRAS,25/06/2003,5.1,28.4,20.2,23.36,90.0,1,0,Ciclo
143,3747,3747,CANAVIEIRAS,27/06/2003,0.0,27.8,16.7,21.46,84.0,1,0,Ciclo
144,3748,3748,CANAVIEIRAS,30/06/2003,0.0,28.0,14.2,21.16,85.25,1,0,Ciclo
145,3749,3749,CANAVIEIRAS,05/07/2003,0.0,27.2,18.6,23.44,78.25,1,0,Ciclo
146,3750,3750,CANAVIEIRAS,07/07/2003,0.6,25.4,20.0,21.96,92.5,1,0,Ciclo
147,3751,3751,CANAVIEIRAS,08/07/2003,0.0,27.2,19.0,23.56,78.0,1,0,Ciclo
148,3752,3752,CANAVIEIRAS,10/07/2003,6.0,27.8,17.6,23.52,83.5,1,0,Ciclo
149,3753,3753,CANAVIEIRAS,16/07/2003,6.7,26.7,18.0,21.62,85.75,1,0,Ciclo
150,3754,3754,CANAVIEIRAS,21/07/2003,1.2,24.9,16.6,21.06,94.5,3,0,Ciclo
151,3755,3755,CANAVIEIRAS,28/07/2003,29.5,26.4,19.0,21.52,93.25,1,0,Ciclo
152,3756,3756,CANAVIEIRAS,29/07/2003,3.4,24.8,18.2,20.84,94.75,2,0,Ciclo
153,3757,3757,CANAVIEIRAS,05/08/2003,26.5,23.5,19.0,20.78,93.75,2,0,Ciclo
154,3758,3758,CANAVIEIRAS,06/08/2003,5.8,25.7,18.8,21.06,87.0,1,0,Ciclo
155,3759,3759,CANAVIEIRAS,25/08/2003,1.3,26.9,20.2,23.1,88.5,1,0,Ciclo
156,3760,3760,CANAVIEIRAS,02/09/2003,0.0,27.6,18.2,23.88,84.75,1,0,Ciclo
157,3761,3761,CANAVIEIRAS,01/10/2003,1.9,28.0,21.4,24.0,91.5,1,0,Ciclo
158,3762,3762,CANAVIEIRAS,06/10/2003,0.0,27.7,21.5,24.44,86.75,1,0,Ciclo
159,3763,3763,CANAVIEIRAS,22/10/2003,0.0,29.2,23.4,26.16,85.75,1,0,Ciclo
160,3764,3764,CANAVIEIRAS,03/12/2003,0.0,30.4,23.0,26.84,78.25,1,0,Ciclo
161,3765,3765,CANAVIEIRAS,05/12/2003,0.0,30.1,22.8,26.58,78.5,4,0,Ciclo
162,3766,3766,CANAVIEIRAS,04/03/2004,0.6,30.3,23.2,27.26,82.0,1,0,Ciclo
163,3767,3767,CANAVIEIRAS,15/03/2004,5.4,30.4,23.0,26.88,84.0,1,0,Ciclo
164,3768,3768,CANAVIEIRAS,24/03/2004,2.0,26.2,22.4,23.72,93.0,1,0,Ciclo
165,3769,3769,CANAVIEIRAS,25/03/2004,13.2,28.4,21.2,24.48,91.0,1,0,Ciclo
166,3770,3770,CANAVIEIRAS,29/03/2004,0.0,29.5,23.0,25.66,91.0,1,0,Ciclo
167,3771,3771,CANAVIEIRAS,30/03/2004,0.0,29.9,22.6,26.66,87.0,2,0,Ciclo
168,3772,3772,CANAVIEIRAS,05/04/2004,11.7,30.1,23.0,26.94,84.0,1,0,Ciclo
169,3773,3773,CANAVIEIRAS,22/02/2005,0.0,30.1,22.0,26.46,72.0,1,0,Ciclo
170,3774,3774,CANAVIEIRAS,06/04/2005,0.0,31.4,24.0,27.4,72.0,1,0,Ciclo
171,3775,3775,CANAVIEIRAS,11/04/2005,16.1,29.8,23.2,25.24,72.0,2,0,Ciclo
172,3776,3776,CANAVIEIRAS,12/04/2005,6.2,30.4,22.4,26.24,72.0,2,0,Ciclo
173,3777,3777,CANAVIEIRAS,15/04/2005,10.9,30.0,22.2,25.84,72.0,1,0,Ciclo
174,3778,3778,CANAVIEIRAS,26/04/2005,0.0,30.6,22.0,26.56,72.0,4,0,Ciclo
175,3779,3779,CANAVIEIRAS,29/04/2005,130.5,25.4,20.8,23.36,72.0,1,0,Ciclo
176,3780,3780,CANAVIEIRAS,02/05/2005,0.0,27.9,21.0,23.14,72.0,2,0,Ciclo
177,3781,3781,CANAVIEIRAS,03/05/2005,0.0,28.5,19.0,22.98,72.0,1,0,Ciclo
178,3782,3782,CANAVIEIRAS,04/05/2005,0.3,27.6,19.4,22.5,72.0,1,0,Ciclo
179,3783,3783,CANAVIEIRAS,10/05/2005,0.3,29.8,22.0,24.76,72.0,1,0,Ciclo
180,3784,3784,CANAVIEIRAS,11/05/2005,5.0,29.7,22.4,25.06,72.0,2,0,Ciclo
181,3785,3785,CANAVIEIRAS,12/05/2005,0.8,29.6,21.0,25.2,72.0,1,0,Ciclo
182,3786,3786,CANAVIEIRAS,16/05/2005,4.0,29.2,21.0,24.76,82.0,1,0,Ciclo
183,3787,3787,CANAVIEIRAS,19/05/2005,0.0,27.9,19.8,23.78,83.5,1,0,Ciclo
184,3788,3788,CANAVIEIRAS,20/05/2005,0.0,29.3,19.8,24.5,83.5,1,0,Ciclo
185,3789,3789,CANAVIEIRAS,23/05/2005,0.0,30.4,23.8,26.88,84.0,2,0,Ciclo
186,3790,3790,CANAVIEIRAS,30/05/2005,7.0,29.1,22.0,25.26,89.75,1,0,Ciclo
187,3791,3791,CANAVIEIRAS,31/05/2005,55.4,27.2,19.8,23.36,92.0,1,0,Ciclo
188,3792,3792,CANAVIEIRAS,01/06/2005,24.6,28.9,19.8,24.3,83.5,1,0,Ciclo
189,3793,3793,CANAVIEIRAS,03/06/2005,24.8,27.8,20.2,23.88,83.5,1,0,Ciclo
190,3794,3794,CANAVIEIRAS,07/06/2005,24.6,27.6,19.8,24.92,70.5,1,0,Ciclo
191,3795,3795,CANAVIEIRAS,13/06/2005,11.2,26.2,18.0,22.36,93.5,1,0,Ciclo
192,3796,3796,CANAVIEIRAS,15/06/2005,51.0,27.9,20.6,23.48,90.5,2,0,Ciclo
193,3797,3797,CANAVIEIRAS,17/06/2005,1.8,28.0,18.5,22.28,84.5,1,0,Ciclo
194,3798,3798,CANAVIEIRAS,23/06/2005,15.7,27.0,19.2,22.12,87.75,3,0,Ciclo
195,3799,3799,CANAVIEIRAS,15/07/2005,3.6,26.4,18.2,21.64,81.5,1,0,Ciclo
196,3800,3800,CANAVIEIRAS,27/07/2005,0.0,27.6,18.8,21.96,87.0,1,0,Ciclo
197,3801,3801,CANAVIEIRAS,01/08/2005,6.9,26.4,19.0,22.24,87.0,1,0,Ciclo
198,3802,3802,CANAVIEIRAS,01/09/2005,8.2,26.8,21.0,24.36,82.0,1,0,Ciclo
199,3803,3803,CANAVIEIRAS,05/09/2005,46.9,27.2,20.0,23.64,84.25,1,0,Ciclo
200,3804,3804,CANAVIEIRAS,13/09/2005,0.1,27.4,19.4,23.16,83.5,2,0,Ciclo
201,3805,3805,CANAVIEIRAS,26/09/2005,0.0,28.8,23.6,26.04,84.0,1,0,Ciclo
202,3806,3806,CANAVIEIRAS,06/10/2005,2.2,28.6,22.6,25.24,90.75,1,0,Ciclo
203,3807,3807,CANAVIEIRAS,18/10/2005,0.0,29.2,20.8,25.52,88.75,1,0,Ciclo
204,3808,3808,CANAVIEIRAS,25/10/2005,0.0,29.5,19.8,25.5,85.75,1,0,Ciclo
205,3809,3809,CANAVIEIRAS,26/10/2005,0.0,29.3,19.4,25.38,90.5,1,0,Ciclo
206,3810,3810,CANAVIEIRAS,01/11/2005,0.9,29.3,24.1,26.22,95.0,1,0,Ciclo
207,3811,3811,CANAVIEIRAS,18/11/2005,0.0,29.6,22.0,26.28,77.0,1,0,Ciclo
208,3812,3812,CANAVIEIRAS,22/11/2005,0.3,29.4,22.7,25.02,88.5,1,0,Ciclo
209,3813,3813,CANAVIEIRAS,09/12/2005,16.0,27.8,22.5,25.22,94.0,1,0,Ciclo
210,3814,3814,CANAVIEIRAS,15/12/2005,0.0,29.6,23.0,26.44,87.0,1,0,Ciclo
211,3815,3815,CANAVIEIRAS,03/01/2006,0.2,29.7,21.6,26.28,75.5,1,0,Ciclo
212,3816,3816,CANAVIEIRAS,09/01/2006,3.0,29.2,22.4,25.28,89.5,1,0,Ciclo
213,3817,3817,CANAVIEIRAS,19/01/2006,2.6,30.0,21.8,26.14,74.0,1,0,Ciclo
214,3818,3818,CANAVIEIRAS,23/01/2006,0.0,30.0,20.8,26.36,75.5,2,0,Ciclo
215,3819,3819,CANAVIEIRAS,24/01/2006,0.0,30.5,21.8,27.04,79.75,1,0,Ciclo
216,3820,3820,CANAVIEIRAS,25/01/2006,0.0,30.5,24.7,27.16,81.0,1,0,Ciclo
217,3821,3821,CANAVIEIRAS,27/01/2006,0.0,30.6,23.3,27.22,78.25,1,0,Ciclo
218,3822,3822,CANAVIEIRAS,30/01/2006,7.6,29.4,22.5,25.74,87.0,1,0,Ciclo
219,3823,3823,CANAVIEIRAS,01/02/2006,4.8,30.3,22.3,26.64,72.0,1,0,Ciclo
220,3824,3824,CANAVIEIRAS,02/02/2006,7.0,29.4,21.8,25.96,79.0,1,0,Ciclo
221,3825,3825,CANAVIEIRAS,06/02/2006,0.8,29.9,22.2,26.62,77.25,1,0,Ciclo
222,3826,3826,CANAVIEIRAS,08/02/2006,0.0,31.2,24.0,27.96,80.5,1,0,Ciclo
223,3827,3827,CANAVIEIRAS,09/02/2006,0.0,31.4,23.3,27.46,80.25,1,0,Ciclo
224,3828,3828,CANAVIEIRAS,15/02/2006,0.0,31.0,23.4,27.72,71.5,1,0,Ciclo
225,3829,3829,CANAVIEIRAS,16/02/2006,3.9,30.2,22.5,26.38,81.25,2,0,Ciclo
226,3830,3830,CANAVIEIRAS,20/02/2006,0.0,30.8,23.4,27.4,75.25,2,0,Ciclo
227,3831,3831,CANAVIEIRAS,21/02/2006,0.0,30.9,20.7,26.68,78.0,3,0,Ciclo
228,3832,3832,CANAVIEIRAS,22/02/2006,0.0,31.8,22.8,27.84,80.25,4,0,Ciclo
229,3833,3833,CANAVIEIRAS,23/02/2006,0.0,32.1,25.0,28.14,81.75,2,0,Ciclo
230,3834,3834,CANAVIEIRAS,24/02/2006,0.0,33.0,25.0,28.56,77.0,3,0,Ciclo
231,3835,3835,CANAVIEIRAS,28/02/2006,0.0,31.3,22.2,27.06,79.0,1,0,Ciclo
232,3836,3836,CANAVIEIRAS,02/03/2006,0.0,31.6,21.6,27.04,77.25,2,0,Ciclo
233,3837,3837,CANAVIEIRAS,03/03/2006,0.0,31.6,22.4,27.32,77.5,2,0,Ciclo
234,3838,3838,CANAVIEIRAS,05/03/2006,0.0,32.0,23.0,27.64,82.25,1,0,Ciclo
235,3839,3839,CANAVIEIRAS,06/03/2006,0.0,32.1,25.4,28.34,82.5,4,0,Ciclo
236,3840,3840,CANAVIEIRAS,07/03/2006,0.0,31.4,23.0,26.08,93.25,3,0,Ciclo
237,3841,3841,CANAVIEIRAS,08/03/2006,11.1,31.7,22.2,25.66,92.25,5,0,Ciclo
238,3842,3842,CANAVIEIRAS,09/03/2006,0.6,30.8,23.0,26.8,88.25,3,0,Ciclo
239,3843,3843,CANAVIEIRAS,10/03/2006,0.5,31.2,23.4,27.16,86.25,3,0,Ciclo
240,3844,3844,CANAVIEIRAS,13/03/2006,0.8,29.3,22.9,25.82,88.75,4,0,Ciclo
241,3845,3845,CANAVIEIRAS,14/03/2006,1.3,29.1,23.5,25.64,87.5,10,1,Ciclo
242,3846,3846,CANAVIEIRAS,15/03/2006,5.2,30.3,22.7,26.86,80.0,5,0,Ciclo
243,3847,3847,CANAVIEIRAS,16/03/2006,4.3,30.5,23.3,26.52,85.75,4,0,Ciclo
244,3848,3848,CANAVIEIRAS,17/03/2006,15.0,29.0,23.9,25.98,92.0,3,0,Ciclo
245,3849,3849,CANAVIEIRAS,20/03/2006,8.3,30.0,23.1,26.64,85.5,7,0,Ciclo
246,3850,3850,CANAVIEIRAS,21/03/2006,25.3,29.6,23.4,25.8,90.0,4,0,Ciclo
247,3851,3851,CANAVIEIRAS,22/03/2006,2.9,30.4,22.6,26.16,86.75,1,0,Ciclo
248,3852,3852,CANAVIEIRAS,23/03/2006,2.1,29.8,23.0,25.32,92.75,3,0,Ciclo
249,3853,3853,CANAVIEIRAS,24/03/2006,7.0,30.4,22.8,26.68,81.5,4,0,Ciclo
250,3854,3854,CANAVIEIRAS,27/03/2006,0.1,31.0,23.0,26.62,87.0,3,0,Ciclo
251,3855,3855,CANAVIEIRAS,30/03/2006,0.0,31.0,24.2,26.76,89.25,4,0,Ciclo
252,3856,3856,CANAVIEIRAS,31/03/2006,12.1,30.0,23.9,26.82,89.75,2,0,Ciclo
253,3857,3857,CANAVIEIRAS,03/04/2006,2.0,29.5,23.0,25.3,90.5,4,0,Ciclo
254,3858,3858,CANAVIEIRAS,05/04/2006,11.2,29.8,22.6,25.56,87.5,5,0,Ciclo
255,3859,3859,CANAVIEIRAS,06/04/2006,1.1,29.7,22.4,26.02,86.5,6,0,Ciclo
256,3860,3860,CANAVIEIRAS,07/04/2006,3.7,30.1,22.6,25.62,88.25,3,0,Ciclo
257,3861,3861,CANAVIEIRAS,10/04/2006,6.3,27.1,22.9,24.24,94.25,1,0,Ciclo
258,3862,3862,CANAVIEIRAS,11/04/2006,8.1,30.6,22.3,26.5,84.0,2,0,Ciclo
259,3863,3863,CANAVIEIRAS,12/04/2006,0.0,31.6,24.1,27.8,86.5,5,0,Ciclo
260,3864,3864,CANAVIEIRAS,17/04/2006,1.8,30.4,22.2,26.16,79.75,5,0,Ciclo
261,3865,3865,CANAVIEIRAS,19/04/2006,2.2,28.0,22.0,24.0,90.25,3,0,Ciclo
262,3866,3866,CANAVIEIRAS,24/04/2006,0.3,30.2,23.0,25.66,90.5,2,0,Ciclo
263,3867,3867,CANAVIEIRAS,25/04/2006,21.0,29.8,22.8,24.64,92.75,1,0,Ciclo
264,3868,3868,CANAVIEIRAS,26/04/2006,0.1,29.6,21.8,24.8,86.25,2,0,Ciclo
265,3869,3869,CANAVIEIRAS,27/04/2006,0.0,29.7,20.6,24.88,89.25,1,0,Ciclo
266,3870,3870,CANAVIEIRAS,02/05/2006,0.0,30.2,23.4,27.0,82.25,1,0,Ciclo
267,3871,3871,CANAVIEIRAS,03/05/2006,0.0,30.8,23.4,26.84,83.75,2,0,Ciclo
268,3872,3872,CANAVIEIRAS,08/05/2006,0.0,28.5,19.0,23.3,88.0,2,0,Ciclo
269,3873,3873,CANAVIEIRAS,12/05/2006,0.0,29.7,21.1,24.92,90.0,1,0,Ciclo
270,3874,3874,CANAVIEIRAS,18/05/2006,0.1,26.9,18.0,21.06,81.0,1,0,Ciclo
271,3875,3875,CANAVIEIRAS,22/05/2006,0.0,27.9,16.2,21.48,84.5,1,0,Ciclo
272,3876,3876,CANAVIEIRAS,24/05/2006,1.1,25.8,20.8,23.42,91.25,1,0,Ciclo
273,3877,3877,CANAVIEIRAS,29/05/2006,0.0,28.6,17.0,22.24,86.0,1,0,Ciclo
274,3878,3878,CANAVIEIRAS,16/10/2006,14.0,26.4,21.4,23.2,93.25,1,0,Ciclo
275,3879,3879,CANAVIEIRAS,13/11/2006,2.5,26.0,19.9,22.56,95.5,1,0,Ciclo
276,3880,3880,CANAVIEIRAS,24/11/2006,1.1,29.5,23.5,26.5,77.0,1,0,Ciclo
277,3881,3881,CANAVIEIRAS,28/11/2006,0.0,29.8,24.6,26.88,79.75,1,0,Ciclo
278,3882,3882,CANAVIEIRAS,26/01/2007,0.0,31.4,22.0,27.24,76.5,1,0,Ciclo
279,3883,3883,CANAVIEIRAS,11/02/2007,0.0,30.4,21.6,26.76,78.5,1,0,Ciclo
280,3884,3884,CANAVIEIRAS,12/02/2007,0.0,31.3,22.8,26.06,86.0,1,0,Ciclo
281,3885,3885,CANAVIEIRAS,13/02/2007,16.5,26.2,22.2,23.84,94.0,1,0,Ciclo
282,3886,3886,CANAVIEIRAS,01/03/2007,3.6,29.8,22.2,25.66,83.75,1,0,Ciclo
283,3887,3887,CANAVIEIRAS,02/05/2007,10.8,29.7,20.6,24.02,86.0,1,0,Ciclo
284,3888,3888,CANAVIEIRAS,08/06/2007,0.0,28.2,16.9,21.4,82.25,1,0,Ciclo
285,3889,3889,CANAVIEIRAS,17/09/2007,0.0,28.0,20.0,23.24,83.75,1,0,Ciclo
286,3890,3890,CANAVIEIRAS,29/11/2007,8.6,26.5,21.3,23.08,95.0,1,0,Ciclo
287,3891,3891,CANAVIEIRAS,10/12/2007,0.0,29.9,24.9,26.76,83.75,1,0,Ciclo
288,3892,3892,CANAVIEIRAS,15/01/2008,2.9,29.0,20.9,25.58,74.5,1,0,Ciclo
289,3893,3893,CANAVIEIRAS,31/01/2008,0.8,28.8,24.3,26.34,83.75,1,0,Ciclo
290,3894,3894,CANAVIEIRAS,27/03/2008,0.0,30.6,22.0,26.8,78.5,1,0,Ciclo
291,3895,3895,CANAVIEIRAS,01/04/2008,0.0,29.4,21.6,24.64,84.75,1,0,Ciclo
292,3896,3896,CANAVIEIRAS,02/04/2008,1.6,31.0,21.0,25.64,85.0,2,0,Ciclo
293,3897,3897,CANAVIEIRAS,03/04/2008,0.0,30.6,21.0,26.24,80.75,5,0,Ciclo
294,3898,3898,CANAVIEIRAS,04/04/2008,0.0,31.2,22.0,27.0,83.0,3,0,Ciclo
295,3899,3899,CANAVIEIRAS,07/04/2008,0.0,30.8,22.2,27.0,84.75,3,0,Ciclo
296,3900,3900,CANAVIEIRAS,08/04/2008,2.6,30.7,23.0,27.06,87.5,7,0,Ciclo
297,3901,3901,CANAVIEIRAS,09/04/2008,6.9,30.4,23.4,27.24,79.25,3,0,Ciclo
298,3902,3902,CANAVIEIRAS,10/04/2008,0.0,31.2,21.4,26.76,83.25,4,0,Ciclo
299,3903,3903,CANAVIEIRAS,14/04/2008,0.0,31.4,21.8,27.04,84.0,1,0,Ciclo
300,3904,3904,CANAVIEIRAS,15/04/2008,0.0,31.2,21.6,27.16,81.75,4,0,Ciclo
301,3905,3905,CANAVIEIRAS,16/04/2008,0.0,30.6,21.8,26.8,83.25,6,0,Ciclo
302,3906,3906,CANAVIEIRAS,17/04/2008,8.0,30.6,23.3,26.34,87.75,3,0,Ciclo
303,3907,3907,CANAVIEIRAS,18/04/2008,3.1,30.7,20.4,25.66,85.5,3,0,Ciclo
304,3908,3908,CANAVIEIRAS,19/04/2008,0.0,31.0,21.0,25.72,84.5,2,0,Ciclo
305,3909,3909,CANAVIEIRAS,22/04/2008,1.7,30.4,21.6,25.24,86.75,1,0,Ciclo
306,3910,3910,CANAVIEIRAS,23/04/2008,0.0,30.4,21.0,25.92,87.5,4,0,Ciclo
307,3911,3911,CANAVIEIRAS,24/04/2008,0.0,31.4,23.2,27.48,85.25,1,0,Ciclo
308,3912,3912,CANAVIEIRAS,25/04/2008,0.0,31.6,24.0,27.72,86.5,6,0,Ciclo
309,3913,3913,CANAVIEIRAS,27/04/2008,0.0,31.4,22.6,27.2,82.0,1,0,Ciclo
310,3914,3914,CANAVIEIRAS,29/04/2008,0.0,30.8,21.4,26.76,79.0,3,0,Ciclo
311,3915,3915,CANAVIEIRAS,30/04/2008,0.0,31.2,20.0,26.48,82.75,3,0,Ciclo
312,3916,3916,CANAVIEIRAS,02/05/2008,6.8,30.6,21.0,24.68,85.5,1,0,Ciclo
313,3917,3917,CANAVIEIRAS,05/05/2008,0.0,30.8,21.0,26.32,78.5,5,0,Ciclo
314,3918,3918,CANAVIEIRAS,06/05/2008,0.0,31.5,21.5,27.12,77.5,4,0,Ciclo
315,3919,3919,CANAVIEIRAS,07/05/2008,0.4,30.3,23.3,25.46,86.25,1,0,Ciclo
316,3920,3920,CANAVIEIRAS,08/05/2008,0.0,29.7,21.4,24.02,80.0,2,0,Ciclo
317,3921,3921,CANAVIEIRAS,09/05/2008,0.0,29.3,18.7,23.66,81.5,1,0,Ciclo
318,3922,3922,CANAVIEIRAS,13/05/2008,0.0,29.1,18.6,23.22,77.5,1,0,Ciclo
319,3923,3923,CANAVIEIRAS,14/05/2008,0.0,27.2,19.0,22.78,86.5,1,0,Ciclo
320,3924,3924,CANAVIEIRAS,15/05/2008,3.2,29.3,20.5,23.16,90.5,2,0,Ciclo
321,3925,3925,CANAVIEIRAS,16/05/2008,0.0,29.8,19.5,24.66,85.25,1,0,Ciclo
322,3926,3926,CANAVIEIRAS,18/05/2008,0.0,29.2,21.3,23.82,81.25,1,0,Ciclo
323,3927,3927,CANAVIEIRAS,19/05/2008,0.0,29.5,19.2,22.88,82.5,2,0,Ciclo
324,3928,3928,CANAVIEIRAS,21/05/2008,0.0,29.4,16.9,22.38,86.75,3,0,Ciclo
325,3929,3929,CANAVIEIRAS,27/05/2008,0.0,29.7,18.6,23.54,85.25,1,0,Ciclo
326,3930,3930,CANAVIEIRAS,28/05/2008,0.0,29.3,18.8,23.16,86.5,2,0,Ciclo
327,3931,3931,CANAVIEIRAS,29/05/2008,0.0,29.1,19.4,23.5,90.0,1,0,Ciclo
328,3932,3932,CANAVIEIRAS,30/05/2008,2.4,29.4,19.3,23.54,87.75,2,0,Ciclo
329,3933,3933,CANAVIEIRAS,03/06/2008,12.0,28.0,20.9,23.3,95.0,1,0,Ciclo
330,3934,3934,CANAVIEIRAS,10/06/2008,0.0,28.9,18.6,22.78,86.25,1,0,Ciclo
331,3935,3935,CANAVIEIRAS,11/06/2008,0.0,28.8,16.8,22.24,86.0,1,0,Ciclo
332,3936,3936,CANAVIEIRAS,12/06/2008,9.7,27.8,20.2,22.42,89.5,1,0,Ciclo
333,3937,3937,CANAVIEIRAS,16/06/2008,0.0,28.6,16.8,22.32,89.25,1,0,Ciclo
334,3938,3938,CANAVIEIRAS,17/06/2008,10.8,23.5,19.6,21.5,95.5,1,0,Ciclo
335,3939,3939,CANAVIEIRAS,25/06/2008,36.3,26.6,19.8,21.82,92.75,1,0,Ciclo
336,3940,3940,CANAVIEIRAS,03/07/2008,8.6,26.8,18.6,21.48,92.25,1,0,Ciclo
337,3941,3941,CANAVIEIRAS,09/07/2008,0.6,26.6,16.2,21.28,82.25,1,0,Ciclo
338,3942,3942,CANAVIEIRAS,11/07/2008,9.5,27.2,18.8,22.12,86.5,1,0,Ciclo
339,3943,3943,CANAVIEIRAS,23/07/2008,0.4,26.9,18.1,21.54,83.25,1,0,Ciclo
340,3944,3944,CANAVIEIRAS,22/08/2008,0.0,26.9,17.0,22.7,77.0,1,0,Ciclo
341,3945,3945,CANAVIEIRAS,26/08/2008,1.1,26.2,17.8,21.4,89.0,1,0,Ciclo
342,3946,3946,CANAVIEIRAS,29/10/2008,0.0,29.4,18.6,25.16,72.75,1,0,Ciclo
343,3947,3947,CANAVIEIRAS,30/10/2008,0.0,29.6,20.5,25.82,79.25,2,0,Ciclo
344,3948,3948,CANAVIEIRAS,10/12/2008,0.0,28.7,21.6,25.5,81.75,1,0,Ciclo
345,3949,3949,CANAVIEIRAS,11/12/2008,0.0,29.5,22.4,26.34,79.75,1,0,Ciclo
346,3950,3950,CANAVIEIRAS,21/01/2009,0.0,30.6,22.0,26.76,82.0,1,0,Ciclo
347,3951,3951,CANAVIEIRAS,23/01/2009,0.0,31.0,23.4,26.04,87.5,1,0,Ciclo
348,3952,3952,CANAVIEIRAS,03/02/2009,0.4,31.0,22.5,27.22,77.5,1,0,Ciclo
349,3953,3953,CANAVIEIRAS,23/02/2009,0.0,31.0,22.7,26.46,82.0,2,0,Ciclo
350,3954,3954,CANAVIEIRAS,06/03/2009,0.0,32.6,22.0,27.76,78.25,1,0,Ciclo
351,3955,3955,CANAVIEIRAS,11/03/2009,0.0,31.0,21.8,26.84,78.75,2,0,Ciclo
352,3956,3956,CANAVIEIRAS,15/03/2009,0.0,31.8,22.9,27.72,79.75,1,0,Ciclo
353,3957,3957,CANAVIEIRAS,17/03/2009,3.1,30.6,23.4,26.2,94.0,2,0,Ciclo
354,3958,3958,CANAVIEIRAS,18/03/2009,18.3,30.6,23.0,26.36,90.0,1,0,Ciclo
355,3959,3959,CANAVIEIRAS,20/03/2009,3.6,28.0,23.4,25.44,93.75,1,0,Ciclo
356,3960,3960,CANAVIEIRAS,25/03/2009,0.0,31.2,23.8,27.88,80.5,2,0,Ciclo
357,3961,3961,CANAVIEIRAS,26/03/2009,88.4,31.0,23.8,26.8,82.25,3,0,Ciclo
358,3962,3962,CANAVIEIRAS,30/03/2009,0.0,32.4,26.8,28.44,81.0,1,0,Ciclo
359,3963,3963,CANAVIEIRAS,31/03/2009,0.0,32.1,24.0,28.1,85.75,2,0,Ciclo
360,3964,3964,CANAVIEIRAS,01/04/2009,0.0,32.6,24.4,28.48,85.75,1,0,Ciclo
361,3965,3965,CANAVIEIRAS,02/04/2009,22.4,27.2,22.4,24.12,97.5,1,0,Ciclo
362,3966,3966,CANAVIEIRAS,03/04/2009,34.3,28.4,23.2,25.2,92.25,2,0,Ciclo
363,3967,3967,CANAVIEIRAS,05/04/2009,9.6,29.0,23.6,25.56,95.25,1,0,Ciclo
364,3968,3968,CANAVIEIRAS,06/04/2009,1.1,31.0,22.9,27.26,80.75,2,0,Ciclo
365,3969,3969,CANAVIEIRAS,07/04/2009,0.0,31.3,23.7,27.6,81.5,3,0,Ciclo
366,3970,3970,CANAVIEIRAS,09/04/2009,0.7,28.7,24.0,25.42,93.5,1,0,Ciclo
367,3971,3971,CANAVIEIRAS,14/04/2009,22.6,29.8,22.8,25.12,90.75,1,0,Ciclo
368,3972,3972,CANAVIEIRAS,15/04/2009,5.2,30.2,22.2,25.96,85.25,4,0,Ciclo
369,3973,3973,CANAVIEIRAS,17/04/2009,0.0,29.6,22.0,26.44,74.75,2,0,Ciclo
370,3974,3974,CANAVIEIRAS,20/04/2009,20.9,27.3,22.1,24.16,93.0,1,0,Ciclo
371,3975,3975,CANAVIEIRAS,24/04/2009,0.0,29.5,21.8,25.38,86.25,2,0,Ciclo
372,3976,3976,CANAVIEIRAS,27/04/2009,0.0,31.0,22.0,26.12,87.5,1,0,Ciclo
373,3977,3977,CANAVIEIRAS,30/04/2009,0.0,29.0,21.4,24.48,84.0,2,0,Ciclo
374,3978,3978,CANAVIEIRAS,04/05/2009,0.0,27.8,21.3,23.92,93.0,1,0,Ciclo
375,3979,3979,CANAVIEIRAS,05/05/2009,37.6,27.2,21.8,23.88,91.0,1,0,Ciclo
376,3980,3980,CANAVIEIRAS,08/05/2009,5.0,28.9,21.5,24.52,90.0,1,0,Ciclo
377,3981,3981,CANAVIEIRAS,12/05/2009,0.0,29.3,19.2,23.5,92.0,1,0,Ciclo
378,3982,3982,CANAVIEIRAS,15/05/2009,2.7,30.2,21.4,26.12,95.0,1,0,Ciclo
379,3983,3983,CANAVIEIRAS,19/05/2009,0.0,27.7,19.8,22.42,88.0,2,0,Ciclo
380,3984,3984,CANAVIEIRAS,20/05/2009,0.8,25.6,19.5,21.94,90.0,3,0,Ciclo
381,3985,3985,CANAVIEIRAS,21/05/2009,0.7,27.3,19.1,23.04,86.0,1,0,Ciclo
382,3986,3986,CANAVIEIRAS,03/06/2009,0.0,25.8,22.8,23.92,93.25,1,0,Ciclo
383,3987,3987,CANAVIEIRAS,05/06/2009,98.9,26.8,20.9,23.4,93.25,1,0,Ciclo
384,3988,3988,CANAVIEIRAS,17/06/2009,0.0,27.6,17.0,23.48,78.75,1,0,Ciclo
385,3989,3989,CANAVIEIRAS,26/06/2009,0.0,28.2,20.0,23.84,88.25,1,0,Ciclo
386,3990,3990,CANAVIEIRAS,29/06/2009,2.2,28.2,18.6,22.64,88.5,1,0,Ciclo
387,3991,3991,CANAVIEIRAS,30/06/2009,0.0,27.5,18.5,22.4,92.75,1,0,Ciclo
388,3992,3992,CANAVIEIRAS,09/07/2009,12.1,28.0,20.4,23.68,82.25,2,0,Ciclo
389,3993,3993,CANAVIEIRAS,27/07/2009,0.0,28.2,19.2,23.74,85.75,1,0,Ciclo
390,3994,3994,CANAVIEIRAS,14/08/2009,2.2,27.2,18.7,21.46,83.25,1,0,Ciclo
391,3995,3995,CANAVIEIRAS,17/08/2009,1.2,27.9,18.0,23.9,70.0,1,0,Ciclo
392,3996,3996,CANAVIEIRAS,16/10/2009,2.8,27.8,24.0,23.36,84.25,1,0,Ciclo
393,3997,3997,CANAVIEIRAS,17/12/2009,0.0,27.8,23.0,23.36,83.5,1,0,Ciclo
394,3998,3998,CANAVIEIRAS,07/01/2010,0.0,27.8,22.9,23.36,74.25,1,0,Ciclo
395,3999,3999,CANAVIEIRAS,15/01/2010,0.0,27.8,22.8,23.36,76.5,1,0,Ciclo
396,4000,4000,CANAVIEIRAS,10/02/2010,0.0,27.8,24.0,23.36,79.5,1,0,Ciclo
397,4001,4001,CANAVIEIRAS,25/02/2010,0.0,27.8,23.3,23.36,72.0,1,0,Ciclo
398,4002,4002,CANAVIEIRAS,09/03/2010,2.1,27.8,24.0,23.36,82.0,2,0,Ciclo
399,4003,4003,CANAVIEIRAS,17/03/2010,1.9,27.8,24.0,23.36,84.75,2,0,Ciclo
400,4004,4004,CANAVIEIRAS,18/03/2010,76.2,27.8,23.4,23.36,86.5,2,0,Ciclo
401,4005,4005,CANAVIEIRAS,23/03/2010,0.0,27.8,24.2,23.36,80.75,2,0,Ciclo
402,4006,4006,CANAVIEIRAS,24/03/2010,17.8,27.8,23.6,23.36,83.25,1,0,Ciclo
403,4007,4007,CANAVIEIRAS,25/03/2010,18.6,27.8,23.8,23.36,84.25,1,0,Ciclo
404,4008,4008,CANAVIEIRAS,29/03/2010,10.7,27.8,26.5,23.36,81.5,1,0,Ciclo
405,4009,4009,CANAVIEIRAS,05/04/2010,0.0,27.8,22.1,23.36,81.25,4,0,Ciclo
406,4010,4010,CANAVIEIRAS,06/04/2010,1.6,27.8,21.8,23.36,81.0,3,0,Ciclo
407,4011,4011,CANAVIEIRAS,07/04/2010,2.9,27.8,22.9,23.36,79.75,1,0,Ciclo
408,4012,4012,CANAVIEIRAS,08/04/2010,7.9,27.8,20.9,23.36,77.75,1,0,Ciclo
409,4013,4013,CANAVIEIRAS,13/04/2010,0.0,27.8,19.1,23.36,84.0,1,0,Ciclo
410,4014,4014,CANAVIEIRAS,14/04/2010,5.6,27.8,19.1,23.36,77.5,1,0,Ciclo
411,4015,4015,CANAVIEIRAS,15/04/2010,0.0,27.8,19.1,23.36,83.0,1,0,Ciclo
412,4016,4016,CANAVIEIRAS,19/04/2010,0.0,27.8,19.1,23.36,83.75,2,0,Ciclo
413,4017,4017,CANAVIEIRAS,27/04/2010,9.7,27.8,19.1,23.36,84.0,1,0,Ciclo
414,4018,4018,CANAVIEIRAS,06/05/2010,0.0,27.8,19.1,23.36,87.25,1,0,Ciclo
415,4019,4019,CANAVIEIRAS,31/05/2010,27.9,28.0,19.1,23.36,93.0,1,0,Ciclo
416,4020,4020,CANAVIEIRAS,08/06/2010,0.5,27.8,19.1,23.36,85.5,1,0,Ciclo
417,4021,4021,CANAVIEIRAS,09/06/2010,0.0,26.0,19.1,23.36,82.5,1,0,Ciclo
418,4022,4022,CANAVIEIRAS,05/07/2010,1.3,27.8,19.1,23.36,89.0,1,0,Ciclo
419,4023,4023,CANAVIEIRAS,09/02/2011,4.4,30.1,19.1,23.36,75.0,1,0,Ciclo
420,4024,4024,CANAVIEIRAS,10/02/2011,0.0,30.5,19.1,23.36,74.0,3,0,Ciclo
421,4025,4025,CANAVIEIRAS,22/02/2011,0.0,29.8,19.1,23.36,79.75,1,0,Ciclo
422,4026,4026,CANAVIEIRAS,28/02/2011,1.6,30.4,19.1,23.36,77.0,1,0,Ciclo
423,4027,4027,CANAVIEIRAS,11/03/2011,21.3,29.0,19.1,23.36,83.5,1,0,Ciclo
424,4028,4028,CANAVIEIRAS,22/03/2011,37.4,28.0,19.1,23.36,88.75,3,0,Ciclo
425,4029,4029,CANAVIEIRAS,25/03/2011,4.8,30.2,19.1,23.36,85.5,3,0,Ciclo
426,4030,4030,CANAVIEIRAS,26/03/2011,29.8,29.8,19.1,23.36,84.25,1,0,Ciclo
427,4031,4031,CANAVIEIRAS,28/03/2011,0.0,31.2,19.1,23.36,78.75,2,0,Ciclo
428,4032,4032,CANAVIEIRAS,29/03/2011,0.0,30.9,19.1,23.36,78.0,2,0,Ciclo
429,4033,4033,CANAVIEIRAS,31/03/2011,0.0,31.0,19.1,23.36,77.0,2,0,Ciclo
430,4034,4034,CANAVIEIRAS,03/04/2011,0.0,31.0,19.1,23.36,81.25,1,0,Ciclo
431,4035,4035,CANAVIEIRAS,04/04/2011,0.0,31.2,19.1,23.36,79.25,1,0,Ciclo
432,4036,4036,CANAVIEIRAS,06/04/2011,0.0,30.8,19.1,23.36,76.75,1,0,Ciclo
433,4037,4037,CANAVIEIRAS,07/04/2011,0.0,31.3,19.1,23.36,76.0,1,0,Ciclo
434,4038,4038,CANAVIEIRAS,11/04/2011,0.0,30.3,19.1,23.36,81.5,1,0,Ciclo
435,4039,4039,CANAVIEIRAS,13/04/2011,8.2,32.0,19.1,23.36,82.75,1,0,Ciclo
436,4040,4040,CANAVIEIRAS,14/04/2011,10.8,30.2,19.1,23.36,88.0,1,0,Ciclo
437,4041,4041,CANAVIEIRAS,15/04/2011,11.6,30.8,19.1,23.36,84.5,1,0,Ciclo
438,4042,4042,CANAVIEIRAS,18/04/2011,15.1,29.3,19.1,23.36,83.25,1,0,Ciclo
439,4043,4043,CANAVIEIRAS,19/04/2011,13.2,28.9,19.1,23.36,82.25,2,0,Ciclo
440,4044,4044,CANAVIEIRAS,20/04/2011,5.9,29.4,19.1,23.36,80.75,1,0,Ciclo
441,4045,4045,CANAVIEIRAS,25/04/2011,0.0,30.0,19.1,23.36,84.5,1,0,Ciclo
442,4046,4046,CANAVIEIRAS,26/04/2011,9.9,29.8,19.1,23.36,87.0,2,0,Ciclo
443,4047,4047,CANAVIEIRAS,27/04/2011,21.7,28.8,19.1,23.36,86.75,2,0,Ciclo
444,4048,4048,CANAVIEIRAS,03/05/2011,19.7,29.6,19.1,23.36,89.0,1,0,Ciclo
445,4049,4049,CANAVIEIRAS,04/05/2011,2.4,30.0,19.1,23.36,87.25,3,0,Ciclo
446,4050,4050,CANAVIEIRAS,05/05/2011,0.0,29.8,19.1,23.36,84.25,1,0,Ciclo
447,4051,4051,CANAVIEIRAS,09/05/2011,0.0,29.4,19.1,23.36,86.75,3,0,Ciclo
448,4052,4052,CANAVIEIRAS,10/05/2011,0.0,29.0,19.1,23.36,82.5,2,0,Ciclo
449,4053,4053,CANAVIEIRAS,12/05/2011,0.0,26.4,19.1,23.36,90.5,1,0,Ciclo
450,4054,4054,CANAVIEIRAS,16/05/2011,1.9,28.4,19.1,23.36,86.75,1,0,Ciclo
451,4055,4055,CANAVIEIRAS,18/05/2011,1.3,26.9,19.1,23.36,88.75,1,0,Ciclo
452,4056,4056,CANAVIEIRAS,20/05/2011,0.0,27.6,19.1,23.36,83.75,1,0,Ciclo
453,4057,4057,CANAVIEIRAS,23/05/2011,10.6,25.8,19.1,23.36,89.75,1,0,Ciclo
454,4058,4058,CANAVIEIRAS,26/05/2011,0.0,28.2,19.1,23.36,88.75,2,0,Ciclo
455,4059,4059,CANAVIEIRAS,30/05/2011,0.0,28.8,19.1,23.36,96.75,1,0,Ciclo
456,4060,4060,CANAVIEIRAS,31/05/2011,0.0,27.2,19.1,23.36,89.5,1,0,Ciclo
457,4061,4061,CANAVIEIRAS,02/06/2011,0.0,28.8,19.1,23.36,86.25,2,0,Ciclo
458,4062,4062,CANAVIEIRAS,06/06/2011,3.7,26.8,19.1,23.36,85.25,1,0,Ciclo
459,4063,4063,CANAVIEIRAS,09/06/2011,0.0,28.0,19.1,23.36,81.5,1,0,Ciclo
460,4064,4064,CANAVIEIRAS,10/06/2011,0.0,28.4,19.1,23.36,83.5,1,0,Ciclo
461,4065,4065,CANAVIEIRAS,13/06/2011,2.5,26.2,19.1,23.36,89.25,2,0,Ciclo
462,4066,4066,CANAVIEIRAS,16/06/2011,0.0,25.8,19.1,23.36,81.25,1,0,Ciclo
463,4067,4067,CANAVIEIRAS,03/08/2011,0.0,28.0,19.1,23.36,87.0,1,0,Ciclo
464,4068,4068,CANAVIEIRAS,09/08/2011,0.0,27.0,19.1,23.36,79.75,1,0,Ciclo
465,4069,4069,CANAVIEIRAS,13/01/2012,0.0,30.4,19.1,23.36,83.25,1,0,Ciclo
466,4070,4070,CANAVIEIRAS,16/01/2012,0.0,30.6,19.1,23.36,78.75,1,0,Ciclo
467,4071,4071,CANAVIEIRAS,19/01/2012,8.9,29.8,19.1,23.36,80.5,1,0,Ciclo
468,4072,4072,CANAVIEIRAS,23/01/2012,0.0,30.0,19.1,23.36,72.5,1,0,Ciclo
469,4073,4073,CANAVIEIRAS,31/01/2012,2.1,29.6,19.1,23.36,83.5,1,0,Ciclo
470,4074,4074,CANAVIEIRAS,09/02/2012,0.0,30.0,19.1,23.36,76.5,2,0,Ciclo
471,4075,4075,CANAVIEIRAS,28/02/2012,0.0,30.4,19.1,23.36,66.5,1,0,Ciclo
472,4076,4076,CANAVIEIRAS,07/03/2012,7.4,29.2,19.1,23.36,84.5,1,0,Ciclo
473,4077,4077,CANAVIEIRAS,13/03/2012,1.6,29.4,19.1,23.36,75.0,1,0,Ciclo
474,4078,4078,CANAVIEIRAS,15/03/2012,0.0,29.8,19.1,23.36,77.0,1,0,Ciclo
475,4079,4079,CANAVIEIRAS,20/03/2012,1.7,29.6,19.1,23.36,80.25,4,0,Ciclo
476,4080,4080,CANAVIEIRAS,21/03/2012,0.0,30.0,19.1,23.36,79.0,2,0,Ciclo
477,4081,4081,CANAVIEIRAS,22/03/2012,0.0,30.2,19.1,23.36,75.75,2,0,Ciclo
478,4082,4082,CANAVIEIRAS,29/03/2012,0.0,29.8,19.1,23.36,74.0,1,0,Ciclo
479,4083,4083,CANAVIEIRAS,30/03/2012,0.0,29.4,19.1,23.36,82.5,1,0,Ciclo
480,4084,4084,CANAVIEIRAS,05/04/2012,1.6,29.8,19.1,23.36,81.0,1,0,Ciclo
481,4085,4085,CANAVIEIRAS,11/04/2012,1.5,29.6,19.1,23.36,75.25,3,0,Ciclo
482,4086,4086,CANAVIEIRAS,16/04/2012,2.9,30.2,19.1,23.36,77.75,1,0,Ciclo
483,4087,4087,CANAVIEIRAS,17/04/2012,0.0,30.4,19.1,23.36,86.5,1,0,Ciclo
484,4088,4088,CANAVIEIRAS,18/04/2012,3.7,29.0,19.1,23.36,86.5,1,0,Ciclo
485,4089,4089,CANAVIEIRAS,19/04/2012,1.1,29.8,19.1,23.36,81.75,1,0,Ciclo
486,4090,4090,CANAVIEIRAS,21/04/2012,0.0,30.2,19.1,23.36,76.0,1,0,Ciclo
487,4091,4091,CANAVIEIRAS,25/04/2012,0.0,29.8,19.1,23.36,77.75,1,0,Ciclo
488,4092,4092,CANAVIEIRAS,27/04/2012,0.0,30.4,19.1,23.36,73.5,1,0,Ciclo
489,4093,4093,CANAVIEIRAS,01/05/2012,0.0,30.4,19.1,23.36,77.75,1,0,Ciclo
490,4094,4094,CANAVIEIRAS,02/05/2012,0.0,30.4,19.1,23.36,83.5,1,0,Ciclo
491,4095,4095,CANAVIEIRAS,03/05/2012,0.0,29.6,19.1,23.36,89.75,1,0,Ciclo
492,4096,4096,CANAVIEIRAS,07/05/2012,0.0,28.0,19.1,23.36,93.5,2,0,Ciclo
493,4097,4097,CANAVIEIRAS,08/05/2012,17.6,29.2,19.1,23.36,93.0,1,0,Ciclo
494,4098,4098,CANAVIEIRAS,09/05/2012,46.6,24.4,19.1,23.36,96.0,1,0,Ciclo
495,4099,4099,CANAVIEIRAS,10/05/2012,21.7,29.0,19.1,23.36,85.75,2,0,Ciclo
496,4100,4100,CANAVIEIRAS,13/05/2012,0.0,29.4,19.1,23.36,79.0,1,0,Ciclo
497,4101,4101,CANAVIEIRAS,14/05/2012,3.9,29.0,19.1,23.36,79.5,1,0,Ciclo
498,4102,4102,CANAVIEIRAS,15/05/2012,0.0,28.3,19.1,23.36,88.0,2,0,Ciclo
499,4103,4103,CANAVIEIRAS,17/05/2012,3.8,27.0,19.1,23.36,81.5,1,0,Ciclo
500,4104,4104,CANAVIEIRAS,18/05/2012,0.0,27.8,19.1,23.36,81.5,2,0,Ciclo
501,4105,4105,CANAVIEIRAS,20/05/2012,5.1,24.4,19.1,23.36,96.25,1,0,Ciclo
502,4106,4106,CANAVIEIRAS,22/05/2012,14.1,27.0,19.1,23.36,91.5,1,0,Ciclo
503,4107,4107,CANAVIEIRAS,24/05/2012,27.5,27.0,19.1,23.36,83.5,2,0,Ciclo
504,4108,4108,CANAVIEIRAS,28/05/2012,0.0,28.8,19.1,23.36,95.0,1,0,Ciclo
505,4109,4109,CANAVIEIRAS,29/05/2012,2.4,28.4,19.1,23.36,96.0,1,0,Ciclo
506,4110,4110,CANAVIEIRAS,30/05/2012,16.8,28.2,19.1,23.36,88.0,3,0,Ciclo
507,4111,4111,CANAVIEIRAS,31/05/2012,0.0,28.2,19.1,23.36,91.0,2,0,Ciclo
508,4112,4112,CANAVIEIRAS,09/06/2012,0.0,27.6,19.1,23.36,92.0,1,0,Ciclo
509,4113,4113,CANAVIEIRAS,11/06/2012,1.5,27.8,19.1,23.36,94.0,1,0,Ciclo
510,4114,4114,CANAVIEIRAS,12/06/2012,3.7,26.8,19.1,23.36,98.0,1,0,Ciclo
511,4115,4115,CANAVIEIRAS,13/06/2012,4.9,27.6,19.1,23.36,97.0,2,0,Ciclo
512,4116,4116,CANAVIEIRAS,14/06/2012,4.4,27.8,19.1,23.36,95.0,4,0,Ciclo
513,4117,4117,CANAVIEIRAS,18/06/2012,0.0,28.0,19.1,23.36,84.0,1,0,Ciclo
514,4118,4118,CANAVIEIRAS,20/06/2012,0.0,28.2,19.1,23.36,83.0,2,0,Ciclo
515,4119,4119,CANAVIEIRAS,23/06/2012,1.4,28.8,19.1,23.36,93.0,1,0,Ciclo
516,4120,4120,CANAVIEIRAS,26/06/2012,6.6,27.2,19.1,23.36,95.0,1,0,Ciclo
517,4121,4121,CANAVIEIRAS,27/06/2012,4.0,27.8,19.1,23.36,93.0,1,0,Ciclo
518,4122,4122,CANAVIEIRAS,12/07/2012,0.0,27.8,19.1,23.36,85.75,2,0,Ciclo
519,4123,4123,CANAVIEIRAS,16/07/2012,0.0,28.0,19.1,23.36,94.5,1,0,Ciclo
520,4124,4124,CANAVIEIRAS,19/07/2012,0.0,27.8,19.1,23.36,85.25,1,0,Ciclo
521,4125,4125,CANAVIEIRAS,20/07/2012,19.3,27.0,19.1,23.36,81.25,1,0,Ciclo
522,4126,4126,CANAVIEIRAS,23/07/2012,0.0,27.0,19.1,23.36,92.25,5,0,Ciclo
523,4127,4127,CANAVIEIRAS,24/07/2012,0.0,27.3,19.1,23.36,83.25,1,0,Ciclo
524,4128,4128,CANAVIEIRAS,26/07/2012,0.0,27.8,19.1,23.36,76.0,1,0,Ciclo
525,4129,4129,CANAVIEIRAS,02/08/2012,3.1,27.0,19.1,23.36,81.5,1,0,Ciclo
526,4130,4130,CANAVIEIRAS,05/08/2012,0.0,27.1,19.1,23.36,86.0,2,0,Ciclo
527,4131,4131,CANAVIEIRAS,07/08/2012,0.0,27.2,19.1,23.36,81.5,1,0,Ciclo
528,4132,4132,CANAVIEIRAS,08/08/2012,0.0,26.6,19.1,23.36,90.0,1,0,Ciclo
529,4133,4133,CANAVIEIRAS,15/08/2012,6.2,27.6,19.1,23.36,83.0,1,0,Ciclo
530,4134,4134,CANAVIEIRAS,16/08/2012,22.6,27.6,19.1,23.36,77.25,1,0,Ciclo
531,4135,4135,CANAVIEIRAS,21/08/2012,2.1,26.4,19.1,23.36,82.0,1,0,Ciclo
532,4136,4136,CANAVIEIRAS,05/09/2012,3.2,22.2,19.1,23.36,97.25,1,0,Ciclo
533,4137,4137,CANAVIEIRAS,09/09/2012,6.9,26.2,19.1,23.36,90.25,1,0,Ciclo
534,4138,4138,CANAVIEIRAS,13/09/2012,0.0,28.2,19.1,23.36,84.75,2,0,Ciclo
535,4139,4139,CANAVIEIRAS,08/11/2012,20.1,25.8,19.1,23.36,97.0,1,0,Ciclo
536,4140,4140,CANAVIEIRAS,14/11/2012,10.4,27.4,19.1,23.36,96.0,1,0,Ciclo
537,4141,4141,CANAVIEIRAS,15/11/2012,14.7,28.6,19.1,23.36,89.0,1,0,Ciclo
538,4142,4142,CANAVIEIRAS,19/11/2012,4.6,28.2,19.1,23.36,95.0,1,0,Ciclo
539,4143,4143,CANAVIEIRAS,20/11/2012,6.2,27.8,19.1,23.36,88.0,1,0,Ciclo
540,4144,4144,CANAVIEIRAS,15/12/2012,0.0,30.6,19.1,23.36,78.25,1,0,Ciclo
541,4145,4145,CANAVIEIRAS,05/01/2013,0.0,31.1,19.1,23.36,76.5,1,0,Ciclo
542,4146,4146,CANAVIEIRAS,22/01/2013,2.5,30.8,19.1,23.36,86.25,1,0,Ciclo
543,4147,4147,CANAVIEIRAS,24/01/2013,0.0,30.2,19.1,23.36,88.25,1,0,Ciclo
544,4148,4148,CANAVIEIRAS,29/01/2013,0.0,30.6,19.1,23.36,83.5,2,0,Ciclo
545,4149,4149,CANAVIEIRAS,31/01/2013,0.0,31.0,19.1,23.36,84.75,1,0,Ciclo
546,4150,4150,CANAVIEIRAS,01/02/2013,0.0,31.0,19.1,23.36,80.75,1,0,Ciclo
547,4151,4151,CANAVIEIRAS,04/02/2013,0.0,31.0,19.1,23.36,78.5,1,0,Ciclo
548,4152,4152,CANAVIEIRAS,05/02/2013,0.0,31.0,19.1,23.36,73.75,3,0,Ciclo
549,4153,4153,CANAVIEIRAS,13/02/2013,0.0,30.5,19.1,23.36,80.0,2,0,Ciclo
550,4154,4154,CANAVIEIRAS,14/02/2013,4.8,30.6,19.1,23.36,80.25,2,0,Ciclo
551,4155,4155,CANAVIEIRAS,15/02/2013,6.7,30.6,19.1,23.36,77.0,3,0,Ciclo
552,4156,4156,CANAVIEIRAS,18/02/2013,0.0,30.8,19.1,23.36,78.0,2,0,Ciclo
553,4157,4157,CANAVIEIRAS,20/02/2013,2.1,30.8,19.1,23.36,82.25,3,0,Ciclo
554,4158,4158,CANAVIEIRAS,21/02/2013,14.6,29.4,19.1,23.36,89.0,2,0,Ciclo
555,4159,4159,CANAVIEIRAS,26/02/2013,3.2,30.0,19.1,23.36,75.5,3,0,Ciclo
556,4160,4160,CANAVIEIRAS,28/02/2013,8.5,30.6,19.1,23.36,79.0,2,0,Ciclo
557,4161,4161,CANAVIEIRAS,01/03/2013,0.0,30.6,19.1,23.36,77.0,1,0,Ciclo
558,4162,4162,CANAVIEIRAS,05/03/2013,0.0,31.0,19.1,23.36,79.5,1,0,Ciclo
559,4163,4163,CANAVIEIRAS,06/03/2013,0.0,31.2,19.1,23.36,75.75,1,0,Ciclo
560,4164,4164,CANAVIEIRAS,08/03/2013,0.0,30.8,19.1,23.36,77.25,2,0,Ciclo
561,4165,4165,CANAVIEIRAS,10/03/2013,0.0,30.9,19.1,23.36,82.75,1,0,Ciclo
562,4166,4166,CANAVIEIRAS,11/03/2013,0.0,32.0,19.1,23.36,83.0,2,0,Ciclo
563,4167,4167,CANAVIEIRAS,12/03/2013,0.0,31.4,19.1,23.36,84.0,1,0,Ciclo
564,4168,4168,CANAVIEIRAS,13/03/2013,0.0,31.9,19.1,23.36,82.75,5,0,Ciclo
565,4169,4169,CANAVIEIRAS,14/03/2013,0.0,32.0,19.1,23.36,80.75,6,0,Ciclo
566,4170,4170,CANAVIEIRAS,15/03/2013,0.0,31.6,19.1,23.36,84.25,2,0,Ciclo
567,4171,4171,CANAVIEIRAS,18/03/2013,0.0,30.0,19.1,23.36,84.25,2,0,Ciclo
568,4172,4172,CANAVIEIRAS,20/03/2013,1.2,31.1,19.1,23.36,81.0,2,0,Ciclo
569,4173,4173,CANAVIEIRAS,21/03/2013,0.0,31.4,19.1,23.36,72.5,5,0,Ciclo
570,4174,4174,CANAVIEIRAS,22/03/2013,0.0,31.4,19.1,23.36,73.25,3,0,Ciclo
571,4175,4175,CANAVIEIRAS,25/03/2013,0.0,31.6,19.1,23.36,79.0,2,0,Ciclo
572,4176,4176,CANAVIEIRAS,26/03/2013,0.0,31.6,19.1,23.36,81.75,1,0,Ciclo
573,4177,4177,CANAVIEIRAS,27/03/2013,0.0,31.8,19.1,23.36,78.5,1,0,Ciclo
574,4178,4178,CANAVIEIRAS,31/03/2013,38.7,31.6,19.1,23.36,91.75,2,0,Ciclo
575,4179,4179,CANAVIEIRAS,01/04/2013,4.2,30.1,19.1,23.36,88.5,2,0,Ciclo
576,4180,4180,CANAVIEIRAS,04/04/2013,0.0,30.6,18.8,25.48,76.25,2,0,Ciclo
577,4181,4181,CANAVIEIRAS,05/04/2013,0.0,31.0,18.8,26.14,79.25,6,0,Ciclo
578,4182,4182,CANAVIEIRAS,09/04/2013,17.7,30.0,23.5,25.46,95.25,10,1,Ciclo
579,4183,4183,CANAVIEIRAS,10/04/2013,31.6,29.2,22.9,24.98,95.5,2,0,Ciclo
580,4184,4184,CANAVIEIRAS,11/04/2013,5.9,31.0,23.6,25.76,91.5,6,0,Ciclo
581,4185,4185,CANAVIEIRAS,12/04/2013,0.0,31.8,22.9,26.78,84.5,5,0,Ciclo
582,4186,4186,CANAVIEIRAS,13/04/2013,0.0,30.8,21.9,26.74,85.5,2,0,Ciclo
583,4187,4187,CANAVIEIRAS,15/04/2013,4.4,28.4,20.7,24.46,90.25,5,0,Ciclo
584,4188,4188,CANAVIEIRAS,16/04/2013,7.8,29.2,19.2,24.9,90.75,4,0,Ciclo
585,4189,4189,CANAVIEIRAS,18/04/2013,10.5,27.6,18.6,23.32,94.5,5,0,Ciclo
586,4190,4190,CANAVIEIRAS,19/04/2013,10.7,27.2,19.0,23.24,93.5,1,0,Ciclo
587,4191,4191,CANAVIEIRAS,22/04/2013,0.0,27.0,18.2,21.9,88.25,3,0,Ciclo
588,4192,4192,CANAVIEIRAS,23/04/2013,11.7,29.0,20.5,23.06,89.5,8,1,Ciclo
589,4193,4193,CANAVIEIRAS,24/04/2013,1.3,29.4,19.8,23.44,87.5,5,0,Ciclo
590,4194,4194,CANAVIEIRAS,25/04/2013,0.0,28.6,20.2,23.88,85.0,2,0,Ciclo
591,4195,4195,CANAVIEIRAS,26/04/2013,0.0,29.6,20.5,24.18,85.0,1,0,Ciclo
592,4196,4196,CANAVIEIRAS,29/04/2013,0.0,29.6,20.4,23.88,86.25,5,0,Ciclo
593,4197,4197,CANAVIEIRAS,30/04/2013,0.0,29.4,18.6,23.96,84.75,2,0,Ciclo
594,4198,4198,CANAVIEIRAS,02/05/2013,6.1,28.6,21.5,23.98,89.0,3,0,Ciclo
595,4199,4199,CANAVIEIRAS,06/05/2013,0.0,29.6,19.0,24.88,83.75,2,0,Ciclo
596,4200,4200,CANAVIEIRAS,07/05/2013,0.0,30.0,19.2,24.64,87.5,5,0,Ciclo
597,4201,4201,CANAVIEIRAS,08/05/2013,0.0,29.8,20.4,25.2,88.0,1,0,Ciclo
598,4202,4202,CANAVIEIRAS,11/05/2013,0.0,28.4,18.8,23.72,83.25,1,0,Ciclo
599,4203,4203,CANAVIEIRAS,12/05/2013,5.2,27.0,21.3,23.66,98.75,4,0,Ciclo
600,4204,4204,CANAVIEIRAS,13/05/2013,64.0,29.4,21.7,24.72,89.5,2,0,Ciclo
601,4205,4205,CANAVIEIRAS,14/05/2013,12.2,28.6,22.0,24.68,90.25,7,0,Ciclo
602,4206,4206,CANAVIEIRAS,15/05/2013,3.5,29.4,21.7,24.62,89.0,1,0,Ciclo
603,4207,4207,CANAVIEIRAS,16/05/2013,2.4,29.2,21.7,24.34,91.0,4,0,Ciclo
604,4208,4208,CANAVIEIRAS,17/05/2013,2.2,29.8,20.4,24.24,88.5,1,0,Ciclo
605,4209,4209,CANAVIEIRAS,18/05/2013,0.0,29.0,21.3,23.86,87.25,1,0,Ciclo
606,4210,4210,CANAVIEIRAS,20/05/2013,2.6,28.8,19.8,22.76,87.25,4,0,Ciclo
607,4211,4211,CANAVIEIRAS,21/05/2013,0.0,28.0,18.8,22.2,90.0,1,0,Ciclo
608,4212,4212,CANAVIEIRAS,23/05/2013,0.0,29.2,19.4,24.72,87.0,3,0,Ciclo
609,4213,4213,CANAVIEIRAS,27/05/2013,5.9,29.2,20.3,22.98,83.0,1,0,Ciclo
610,4214,4214,CANAVIEIRAS,28/05/2013,0.0,27.6,17.4,23.24,77.25,3,0,Ciclo
611,4215,4215,CANAVIEIRAS,29/05/2013,0.0,29.0,18.2,24.4,84.75,1,0,Ciclo
612,4216,4216,CANAVIEIRAS,05/06/2013,8.7,28.6,21.2,23.56,93.5,2,0,Ciclo
613,4217,4217,CANAVIEIRAS,06/06/2013,22.8,28.0,21.2,23.8,95.0,3,0,Ciclo
614,4218,4218,CANAVIEIRAS,12/06/2013,13.5,28.4,20.9,22.94,92.75,2,0,Ciclo
615,4219,4219,CANAVIEIRAS,17/06/2013,0.0,28.4,19.2,23.04,87.0,1,0,Ciclo
616,4220,4220,CANAVIEIRAS,19/06/2013,12.0,26.8,21.9,23.66,92.25,1,0,Ciclo
617,4221,4221,CANAVIEIRAS,20/06/2013,9.1,28.3,20.9,23.96,85.25,1,0,Ciclo
618,4222,4222,CANAVIEIRAS,27/06/2013,0.0,28.6,18.5,22.58,92.0,1,0,Ciclo
619,4223,4223,CANAVIEIRAS,08/07/2013,5.8,27.8,19.0,22.2,89.0,1,0,Ciclo
620,4224,4224,CANAVIEIRAS,16/07/2013,3.8,28.8,19.2,24.32,84.25,1,0,Ciclo
621,4225,4225,CANAVIEIRAS,18/07/2013,0.0,26.8,20.5,23.54,83.5,1,0,Ciclo
622,4226,4226,CANAVIEIRAS,19/07/2013,11.1,28.0,18.4,23.04,88.25,1,0,Ciclo
623,4227,4227,CANAVIEIRAS,23/07/2013,4.3,28.0,21.7,24.1,90.25,1,0,Ciclo
624,4228,4228,CANAVIEIRAS,31/07/2013,0.0,27.8,17.2,21.52,82.0,1,0,Ciclo
625,4229,4229,CANAVIEIRAS,13/08/2013,2.6,27.8,19.7,22.42,89.0,2,0,Ciclo
626,4230,4230,CANAVIEIRAS,28/11/2013,66.6,25.6,21.7,23.86,91.0,1,0,Ciclo
627,4231,4231,CANAVIEIRAS,02/03/2015,7.5,30.4,22.9,26.22,87.75,1,0,Ciclo
628,4232,4232,CANAVIEIRAS,03/03/2015,0.0,30.4,22.9,26.38,83.5,1,0,Ciclo
629,4233,4233,CANAVIEIRAS,11/03/2015,0.0,30.8,22.3,27.02,77.75,1,0,Ciclo
630,4234,4234,CANAVIEIRAS,13/03/2015,0.0,30.8,23.1,27.5,76.25,1,0,Ciclo
631,4235,4235,CANAVIEIRAS,17/03/2015,0.0,29.8,19.3,25.06,83.25,3,0,Ciclo
632,4236,4236,CANAVIEIRAS,18/03/2015,0.0,30.6,21.9,27.02,73.75,4,0,Ciclo
633,4237,4237,CANAVIEIRAS,23/03/2015,2.9,31.2,23.7,27.56,73.75,1,0,Ciclo
634,4238,4238,CANAVIEIRAS,24/03/2015,0.0,32.2,23.3,27.06,73.75,1,0,Ciclo
635,4239,4239,CANAVIEIRAS,25/03/2015,9.1,30.0,22.8,25.8,73.75,3,0,Ciclo
636,4240,4240,CANAVIEIRAS,26/03/2015,11.1,31.4,22.9,25.9,73.75,3,0,Ciclo
637,4241,4241,CANAVIEIRAS,27/03/2015,0.0,31.0,21.1,26.78,73.75,1,0,Ciclo
638,4242,4242,CANAVIEIRAS,31/03/2015,0.0,32.2,22.3,27.64,73.75,3,0,Ciclo
639,4243,4243,CANAVIEIRAS,01/04/2015,0.0,31.4,20.3,24.98,73.75,4,0,Ciclo
640,4244,4244,CANAVIEIRAS,02/04/2015,0.0,31.5,18.7,25.52,73.75,1,0,Ciclo
641,4245,4245,CANAVIEIRAS,06/04/2015,0.0,31.8,22.4,27.84,73.75,2,0,Ciclo
642,4246,4246,CANAVIEIRAS,07/04/2015,0.0,32.6,23.8,27.34,73.75,3,0,Ciclo
643,4247,4247,CANAVIEIRAS,08/04/2015,10.4,24.8,22.5,23.66,73.75,4,0,Ciclo
644,4248,4248,CANAVIEIRAS,09/04/2015,7.4,29.6,21.3,24.98,73.75,2,0,Ciclo
645,4249,4249,CANAVIEIRAS,10/04/2015,2.6,30.6,21.9,25.62,73.75,3,0,Ciclo
646,4250,4250,CANAVIEIRAS,13/04/2015,0.0,31.0,19.5,25.26,73.75,8,1,Ciclo
647,4251,4251,CANAVIEIRAS,14/04/2015,0.0,26.8,19.6,24.2,73.75,4,0,Ciclo
648,4252,4252,CANAVIEIRAS,15/04/2015,0.0,30.8,19.8,24.72,73.75,5,0,Ciclo
649,4253,4253,CANAVIEIRAS,17/04/2015,0.0,31.3,21.9,26.4,73.75,1,0,Ciclo
650,4254,4254,CANAVIEIRAS,22/04/2015,0.0,32.4,23.0,28.08,73.75,1,0,Ciclo
651,4255,4255,CANAVIEIRAS,23/04/2015,0.0,32.6,23.3,27.22,73.75,2,0,Ciclo
652,4256,4256,CANAVIEIRAS,24/04/2015,4.2,30.8,22.7,25.66,73.75,1,0,Ciclo
653,4257,4257,CANAVIEIRAS,29/04/2015,0.0,31.2,21.8,25.52,91.25,3,0,Ciclo
654,4258,4258,CANAVIEIRAS,30/04/2015,21.6,26.2,20.4,22.92,95.5,1,0,Ciclo
655,4259,4259,CANAVIEIRAS,04/05/2015,1.2,30.4,20.9,25.18,87.75,2,0,Ciclo
656,4260,4260,CANAVIEIRAS,05/05/2015,0.0,30.8,21.3,25.34,89.75,1,0,Ciclo
657,4261,4261,CANAVIEIRAS,06/05/2015,0.0,31.0,20.9,25.98,83.0,3,0,Ciclo
658,4262,4262,CANAVIEIRAS,07/05/2015,0.0,29.6,20.8,25.0,88.75,3,0,Ciclo
659,4263,4263,CANAVIEIRAS,11/05/2015,0.0,29.6,21.3,24.98,86.25,1,0,Ciclo
660,4264,4264,CANAVIEIRAS,13/05/2015,0.0,29.0,20.9,24.54,89.75,1,0,Ciclo
661,4265,4265,CANAVIEIRAS,14/05/2015,31.9,27.2,21.1,22.94,84.75,2,0,Ciclo
662,4266,4266,CANAVIEIRAS,15/05/2015,5.8,28.0,19.2,22.56,91.0,2,0,Ciclo
663,4267,4267,CANAVIEIRAS,19/05/2015,0.0,29.6,19.6,23.92,92.0,2,0,Ciclo
664,4268,4268,CANAVIEIRAS,20/05/2015,120.2,26.8,20.2,23.12,99.5,2,0,Ciclo
665,4269,4269,CANAVIEIRAS,22/05/2015,28.6,28.6,19.2,22.52,89.25,1,0,Ciclo
666,4270,4270,CANAVIEIRAS,27/05/2015,13.6,28.7,20.5,25.04,84.75,1,0,Ciclo
667,4271,4271,CANAVIEIRAS,02/06/2015,0.0,29.6,12.0,22.16,89.5,3,0,Ciclo
668,4272,4272,CANAVIEIRAS,03/06/2015,0.0,29.6,18.8,22.16,89.75,2,0,Ciclo
669,4273,4273,CANAVIEIRAS,06/06/2015,55.8,29.6,20.2,22.16,96.0,1,0,Ciclo
670,4274,4274,CANAVIEIRAS,08/06/2015,4.4,29.6,20.7,22.16,89.25,2,0,Ciclo
671,4275,4275,CANAVIEIRAS,09/06/2015,6.1,29.6,21.7,22.16,88.0,1,0,Ciclo
672,4276,4276,CANAVIEIRAS,11/06/2015,1.0,29.6,20.7,22.16,88.75,2,0,Ciclo
673,4277,4277,CANAVIEIRAS,12/06/2015,0.0,29.6,18.2,22.16,88.75,2,0,Ciclo
674,4278,4278,CANAVIEIRAS,15/06/2015,0.0,29.6,21.7,22.16,87.75,1,0,Ciclo
675,4279,4279,CANAVIEIRAS,16/06/2015,0.0,29.6,20.2,22.16,91.25,1,0,Ciclo
676,4280,4280,CANAVIEIRAS,19/06/2015,0.0,29.6,18.0,22.16,93.5,2,0,Ciclo
677,4281,4281,CANAVIEIRAS,30/06/2015,3.1,29.6,19.6,22.16,91.75,1,0,Ciclo
678,4282,4282,CANAVIEIRAS,13/07/2015,5.7,29.6,18.0,22.16,91.0,1,0,Ciclo
679,4283,4283,CANAVIEIRAS,20/07/2015,0.6,29.6,18.2,22.16,84.75,1,0,Ciclo
680,4284,4284,CANAVIEIRAS,24/07/2015,0.0,29.6,18.4,22.16,84.75,1,0,Ciclo
681,4285,4285,CANAVIEIRAS,27/07/2015,0.0,29.6,19.2,22.16,88.0,3,0,Ciclo
682,4286,4286,CANAVIEIRAS,28/07/2015,10.4,29.6,19.4,22.16,91.25,2,0,Ciclo
683,4287,4287,CANAVIEIRAS,06/08/2015,2.1,29.6,16.6,22.16,90.25,1,0,Ciclo
684,4288,4288,CANAVIEIRAS,10/08/2015,32.9,29.6,18.4,22.16,92.25,2,0,Ciclo
685,4289,4289,CANAVIEIRAS,14/08/2015,17.6,29.6,17.0,22.16,89.25,1,0,Ciclo
686,4290,4290,CANAVIEIRAS,17/08/2015,12.1,29.6,19.0,22.16,94.0,1,0,Ciclo
687,4291,4291,CANAVIEIRAS,18/08/2015,10.9,29.6,21.3,22.16,84.0,1,0,Ciclo
688,4292,4292,CANAVIEIRAS,26/08/2015,0.0,29.6,18.4,22.16,89.0,1,0,Ciclo
689,4293,4293,CANAVIEIRAS,03/09/2015,0.0,29.6,19.0,22.16,93.25,1,0,Ciclo
690,4294,4294,CANAVIEIRAS,14/09/2015,0.0,29.6,21.5,22.16,72.25,1,0,Ciclo
691,4295,4295,CANAVIEIRAS,16/09/2015,0.0,29.6,18.1,22.16,66.25,1,0,Ciclo
692,4296,4296,CANAVIEIRAS,23/10/2015,0.0,29.6,21.2,22.16,81.0,1,0,Ciclo
693,4297,4297,CANAVIEIRAS,25/11/2015,0.0,29.6,24.5,22.16,88.5,1,0,Ciclo
694,4298,4298,CANAVIEIRAS,30/11/2015,0.0,29.6,23.7,22.16,77.0,1,0,Ciclo
695,4299,4299,CANAVIEIRAS,11/01/2016,3.4,29.6,23.4,22.16,80.5,1,0,Ciclo
696,4300,4300,CANAVIEIRAS,19/01/2016,0.0,29.6,24.2,22.16,77.25,2,0,Ciclo
697,4301,4301,CANAVIEIRAS,28/01/2016,2.9,29.6,24.4,22.16,82.75,2,0,Ciclo
698,4302,4302,CANAVIEIRAS,01/02/2016,18.7,29.6,22.9,22.16,84.25,1,0,Ciclo
699,4303,4303,CANAVIEIRAS,03/02/2016,0.0,29.6,21.4,22.16,77.25,2,0,Ciclo
700,4304,4304,CANAVIEIRAS,04/02/2016,11.3,29.6,23.1,22.16,81.0,1,0,Ciclo
701,4305,4305,CANAVIEIRAS,11/02/2016,0.0,29.6,23.2,22.16,78.75,2,0,Ciclo
702,4306,4306,CANAVIEIRAS,12/02/2016,0.0,29.6,23.2,22.16,83.0,5,0,Ciclo
703,4307,4307,CANAVIEIRAS,13/02/2016,0.0,29.6,23.4,22.16,79.0,1,0,Ciclo
704,4308,4308,CANAVIEIRAS,15/02/2016,1.1,29.6,23.6,22.16,84.75,6,0,Ciclo
705,4309,4309,CANAVIEIRAS,16/02/2016,0.0,29.6,22.6,22.16,83.25,3,0,Ciclo
706,4310,4310,CANAVIEIRAS,17/02/2016,0.0,29.6,21.9,22.16,80.0,2,0,Ciclo
707,4311,4311,CANAVIEIRAS,18/02/2016,18.8,29.6,22.3,22.16,87.75,5,0,Ciclo
708,4312,4312,CANAVIEIRAS,19/02/2016,0.0,29.6,23.1,22.16,82.25,64,1,Ciclo
709,4313,4313,CANAVIEIRAS,22/02/2016,0.0,29.6,22.9,22.16,87.0,4,0,Ciclo
710,4314,4314,CANAVIEIRAS,23/02/2016,27.7,29.6,22.2,22.16,89.5,1,0,Ciclo
711,4315,4315,CANAVIEIRAS,24/02/2016,0.0,29.6,21.8,22.16,86.75,3,0,Ciclo
712,4316,4316,CANAVIEIRAS,25/02/2016,0.0,29.6,22.4,22.16,83.0,21,1,Ciclo
713,4317,4317,CANAVIEIRAS,26/02/2016,0.0,29.6,22.7,22.16,87.25,4,0,Ciclo
714,4318,4318,CANAVIEIRAS,29/02/2016,0.0,29.6,22.5,22.16,87.25,4,0,Ciclo
715,4319,4319,CANAVIEIRAS,01/03/2016,2.1,29.6,22.8,22.16,85.0,9,1,Ciclo
716,4320,4320,CANAVIEIRAS,02/03/2016,0.9,29.6,23.4,22.16,84.0,6,0,Ciclo
717,4321,4321,CANAVIEIRAS,03/03/2016,0.0,29.6,23.1,22.16,81.75,4,0,Ciclo
718,4322,4322,CANAVIEIRAS,04/03/2016,2.4,29.6,22.9,22.16,85.75,1,0,Ciclo
719,4323,4323,CANAVIEIRAS,05/03/2016,0.0,29.6,23.4,22.16,81.25,1,0,Ciclo
720,4324,4324,CANAVIEIRAS,07/03/2016,0.0,29.6,21.2,22.16,84.5,2,0,Ciclo
721,4325,4325,CANAVIEIRAS,08/03/2016,0.0,29.6,22.3,22.16,81.5,3,0,Ciclo
722,4326,4326,CANAVIEIRAS,09/03/2016,7.9,29.6,22.3,22.16,85.25,6,0,Ciclo
723,4327,4327,CANAVIEIRAS,10/03/2016,0.0,29.6,20.7,22.16,83.5,2,0,Ciclo
724,4328,4328,CANAVIEIRAS,11/03/2016,2.9,29.6,23.7,22.16,83.0,2,0,Ciclo
725,4329,4329,CANAVIEIRAS,14/03/2016,2.5,29.6,22.7,22.16,88.0,1,0,Ciclo
726,4330,4330,CANAVIEIRAS,15/03/2016,20.7,29.6,22.0,22.16,95.0,2,0,Ciclo
727,4331,4331,CANAVIEIRAS,16/03/2016,8.0,29.6,21.9,22.16,87.75,2,0,Ciclo
728,4332,4332,CANAVIEIRAS,17/03/2016,0.0,29.6,22.3,22.16,89.25,5,0,Ciclo
729,4333,4333,CANAVIEIRAS,19/03/2016,0.0,29.6,22.7,22.16,84.0,1,0,Ciclo
730,4334,4334,CANAVIEIRAS,23/03/2016,0.0,29.6,23.1,22.16,87.5,1,0,Ciclo
731,4335,4335,CANAVIEIRAS,05/05/2016,0.0,29.6,20.6,22.16,88.0,3,0,Ciclo
732,4336,4336,CANAVIEIRAS,09/05/2016,0.0,29.6,17.8,22.16,75.25,2,0,Ciclo
733,4337,4337,CANAVIEIRAS,10/05/2016,0.0,29.6,18.8,22.16,75.0,1,0,Ciclo
734,4338,4338,CANAVIEIRAS,12/05/2016,0.0,29.6,18.9,22.16,84.75,1,0,Ciclo
735,4339,4339,CANAVIEIRAS,13/05/2016,0.0,29.6,19.3,22.16,92.0,1,0,Ciclo
736,4340,4340,CANAVIEIRAS,21/05/2016,0.0,29.6,20.4,22.16,86.0,1,0,Ciclo
737,4341,4341,CANAVIEIRAS,23/05/2016,0.0,29.6,18.8,22.16,81.5,1,0,Ciclo
738,4342,4342,CANAVIEIRAS,24/05/2016,0.0,29.6,20.3,22.16,90.0,1,0,Ciclo
739,4343,4343,CANAVIEIRAS,03/06/2016,0.0,29.6,20.3,22.16,79.0,1,0,Ciclo
740,4344,4344,CANAVIEIRAS,08/06/2016,0.0,29.6,22.3,22.16,86.0,3,0,Ciclo
741,4345,4345,CANAVIEIRAS,09/06/2016,0.0,29.6,21.3,22.16,87.5,1,0,Ciclo
