,id,municipio,data,precipitacao,temperatura_maxima,temperatura_minima,temperatura_media,umidade_relativa_media,quantidade_notificacoes
15723,15723,MONTE SANTO,29/01/2001,0.0,33.9,21.5,26.96,55.25,1
15724,15724,MONTE SANTO,05/02/2001,0.0,34.7,22.6,28.28,53.0,1
15725,15725,MONTE SANTO,12/02/2001,0.0,34.6,20.7,27.2,54.25,2
15726,15726,MONTE SANTO,13/02/2001,0.0,30.6,20.8,26.82,54.25,1
15727,15727,MONTE SANTO,14/02/2001,0.0,34.2,21.5,27.74,41.0,2
15728,15728,MONTE SANTO,15/02/2001,0.0,34.6,21.0,27.62,46.5,5
15729,15729,MONTE SANTO,17/02/2001,0.0,33.6,23.5,26.96,56.25,1
15730,15730,MONTE SANTO,18/02/2001,0.0,33.8,20.1,26.28,55.25,2
15731,15731,MONTE SANTO,20/02/2001,0.0,32.2,21.1,26.48,54.5,2
15732,15732,MONTE SANTO,21/02/2001,0.0,33.8,20.8,26.58,55.5,11
15733,15733,MONTE SANTO,23/02/2001,0.0,33.5,20.9,26.42,54.25,2
15734,15734,MONTE SANTO,27/02/2001,0.0,34.2,20.8,26.86,54.5,1
15735,15735,MONTE SANTO,28/02/2001,0.0,33.0,20.9,25.52,63.75,5
15736,15736,MONTE SANTO,01/03/2001,0.6,33.4,21.5,26.08,59.0,5
15737,15737,MONTE SANTO,02/03/2001,0.0,34.2,21.5,27.0,53.75,1
15738,15738,MONTE SANTO,03/03/2001,0.0,33.9,20.8,26.92,53.0,2
15739,15739,MONTE SANTO,04/03/2001,0.0,34.2,20.7,27.26,54.5,2
15740,15740,MONTE SANTO,05/03/2001,0.0,34.0,20.3,26.8,53.0,3
15741,15741,MONTE SANTO,06/03/2001,0.0,35.2,21.8,28.2,46.75,1
15742,15742,MONTE SANTO,07/03/2001,0.0,34.2,20.8,26.92,52.75,6
15743,15743,MONTE SANTO,08/03/2001,0.0,33.9,21.0,27.32,52.0,10
15744,15744,MONTE SANTO,09/03/2001,0.0,34.2,21.0,27.7,48.75,10
15745,15745,MONTE SANTO,11/03/2001,0.0,33.8,21.9,27.18,55.5,1
15746,15746,MONTE SANTO,12/03/2001,0.0,30.0,20.7,24.8,66.75,6
15747,15747,MONTE SANTO,13/03/2001,9.0,33.4,20.8,24.7,79.0,4
15748,15748,MONTE SANTO,14/03/2001,5.0,27.2,20.5,23.24,86.5,1
15749,15749,MONTE SANTO,15/03/2001,6.8,27.2,20.1,23.72,70.0,7
15750,15750,MONTE SANTO,16/03/2001,0.0,25.2,20.1,22.68,82.25,1
15751,15751,MONTE SANTO,18/03/2001,0.0,31.8,21.5,25.5,70.0,2
15752,15752,MONTE SANTO,19/03/2001,0.0,32.2,20.0,25.84,59.0,3
15753,15753,MONTE SANTO,20/03/2001,0.0,29.8,20.7,25.28,67.25,11
15754,15754,MONTE SANTO,21/03/2001,0.0,29.2,21.9,25.04,73.25,1
15755,15755,MONTE SANTO,22/03/2001,0.0,31.2,20.7,25.44,68.0,6
15756,15756,MONTE SANTO,23/03/2001,0.0,31.8,20.9,26.04,58.75,3
15757,15757,MONTE SANTO,24/03/2001,0.0,31.5,20.3,25.78,62.75,1
15758,15758,MONTE SANTO,25/03/2001,0.0,31.9,21.0,25.92,62.75,2
15759,15759,MONTE SANTO,26/03/2001,0.0,32.9,20.3,26.48,58.25,7
15760,15760,MONTE SANTO,27/03/2001,0.0,33.5,20.8,26.52,58.5,7
15761,15761,MONTE SANTO,28/03/2001,0.0,32.5,20.8,26.06,62.0,3
15762,15762,MONTE SANTO,29/03/2001,0.0,32.9,20.8,26.3,61.75,6
15763,15763,MONTE SANTO,30/03/2001,0.0,33.9,20.9,26.02,67.25,1
15764,15764,MONTE SANTO,01/04/2001,0.1,32.1,20.1,25.44,69.75,1
15765,15765,MONTE SANTO,02/04/2001,0.0,30.7,20.3,25.16,69.0,8
15766,15766,MONTE SANTO,03/04/2001,0.0,33.1,20.7,26.18,62.5,14
15767,15767,MONTE SANTO,04/04/2001,0.0,29.5,20.6,24.56,72.5,25
15768,15768,MONTE SANTO,05/04/2001,2.0,29.5,20.0,24.24,73.25,3
15769,15769,MONTE SANTO,06/04/2001,0.0,30.9,20.1,24.96,68.0,2
15770,15770,MONTE SANTO,07/04/2001,0.0,29.9,20.3,24.54,66.0,3
15771,15771,MONTE SANTO,08/04/2001,0.0,30.7,20.5,24.7,69.5,2
15772,15772,MONTE SANTO,09/04/2001,0.0,30.9,20.0,24.76,66.25,9
15773,15773,MONTE SANTO,10/04/2001,0.0,30.5,20.0,24.8,65.75,5
15774,15774,MONTE SANTO,11/04/2001,0.0,32.1,20.1,25.38,60.75,1
15775,15775,MONTE SANTO,12/04/2001,0.0,31.9,20.3,25.62,63.5,1
15776,15776,MONTE SANTO,13/04/2001,0.0,32.7,20.0,25.52,58.5,2
15777,15777,MONTE SANTO,14/04/2001,0.0,29.6,20.3,23.24,80.75,1
15778,15778,MONTE SANTO,16/04/2001,0.0,31.5,20.8,25.48,66.0,6
15779,15779,MONTE SANTO,17/04/2001,3.7,32.5,21.0,25.76,66.25,1
15780,15780,MONTE SANTO,18/04/2001,0.0,32.8,20.0,25.62,62.75,2
15781,15781,MONTE SANTO,19/04/2001,0.0,31.0,20.1,25.48,62.5,1
15782,15782,MONTE SANTO,20/04/2001,0.0,33.9,20.0,26.8,56.5,4
15783,15783,MONTE SANTO,21/04/2001,0.0,32.5,21.0,26.46,57.25,4
15784,15784,MONTE SANTO,22/04/2001,0.0,33.8,22.7,26.48,58.5,1
15785,15785,MONTE SANTO,23/04/2001,0.0,33.5,20.1,25.54,63.5,4
15786,15786,MONTE SANTO,24/04/2001,0.0,30.9,20.0,24.76,62.75,3
15787,15787,MONTE SANTO,25/04/2001,0.0,31.1,19.6,25.06,54.75,7
15788,15788,MONTE SANTO,26/04/2001,0.0,32.0,20.0,25.16,63.75,14
15789,15789,MONTE SANTO,27/04/2001,0.0,24.5,20.3,21.96,90.75,9
15790,15790,MONTE SANTO,28/04/2001,4.8,30.5,20.0,23.84,69.0,4
15791,15791,MONTE SANTO,29/04/2001,0.0,30.9,19.8,24.7,67.75,1
15792,15792,MONTE SANTO,30/04/2001,0.0,29.5,20.0,24.36,69.25,8
15793,15793,MONTE SANTO,01/05/2001,0.0,26.9,20.3,23.6,80.25,2
15794,15794,MONTE SANTO,02/05/2001,6.0,30.5,20.3,23.9,78.25,2
15795,15795,MONTE SANTO,03/05/2001,2.0,31.0,20.1,24.04,75.75,2
15796,15796,MONTE SANTO,08/05/2001,0.0,34.1,21.3,27.58,53.0,4
15797,15797,MONTE SANTO,09/05/2001,0.0,32.9,21.9,26.36,65.25,4
15798,15798,MONTE SANTO,11/05/2001,0.0,34.1,21.6,27.48,51.75,1
15799,15799,MONTE SANTO,13/05/2001,0.0,34.1,20.1,26.62,59.0,1
15800,15800,MONTE SANTO,14/05/2001,0.0,32.8,21.0,26.26,58.25,3
15801,15801,MONTE SANTO,16/05/2001,0.0,32.0,21.0,26.14,56.5,1
15802,15802,MONTE SANTO,17/05/2001,0.0,31.6,19.1,25.64,56.0,7
15803,15803,MONTE SANTO,18/05/2001,0.0,33.9,20.0,26.92,51.5,2
15804,15804,MONTE SANTO,20/05/2001,0.0,28.1,20.5,24.46,60.25,1
15805,15805,MONTE SANTO,21/05/2001,0.0,30.1,20.0,24.38,63.5,3
15806,15806,MONTE SANTO,28/05/2001,0.0,33.1,21.0,26.74,54.75,3
15807,15807,MONTE SANTO,31/05/2001,0.0,30.9,20.9,24.9,69.0,2
15808,15808,MONTE SANTO,01/06/2001,1.0,28.6,20.0,24.06,66.0,2
15809,15809,MONTE SANTO,06/06/2001,0.0,28.7,19.7,24.06,66.5,1
15810,15810,MONTE SANTO,08/06/2001,1.5,30.2,19.9,24.74,64.25,2
15811,15811,MONTE SANTO,11/06/2001,1.0,25.7,19.0,21.64,81.75,1
15812,15812,MONTE SANTO,18/06/2001,0.4,27.7,18.0,21.84,81.0,1
15813,15813,MONTE SANTO,25/06/2001,0.0,27.0,18.7,21.86,76.25,1
15814,15814,MONTE SANTO,03/12/2001,25.8,31.4,20.1,25.08,64.25,1
15815,15815,MONTE SANTO,05/12/2001,0.0,32.5,21.0,26.08,55.5,2
15816,15816,MONTE SANTO,22/01/2002,1.5,29.5,20.0,24.06,71.75,1
15817,15817,MONTE SANTO,24/01/2002,0.0,30.9,20.2,25.2,62.75,1
15818,15818,MONTE SANTO,28/01/2002,0.0,30.7,20.2,24.9,59.0,2
15819,15819,MONTE SANTO,31/01/2002,0.0,30.9,20.3,25.36,65.25,1
15820,15820,MONTE SANTO,02/02/2002,0.0,32.7,20.1,26.6,49.0,3
15821,15821,MONTE SANTO,03/02/2002,0.0,35.3,20.6,28.16,44.5,3
15822,15822,MONTE SANTO,04/02/2002,0.0,33.1,20.9,25.8,64.0,5
15823,15823,MONTE SANTO,05/02/2002,6.0,26.1,19.8,21.84,91.5,1
15824,15824,MONTE SANTO,07/02/2002,13.3,30.1,20.3,24.02,73.5,1
15825,15825,MONTE SANTO,12/02/2002,0.0,38.2,20.0,25.58,67.75,1
15826,15826,MONTE SANTO,15/02/2002,0.0,32.2,20.9,24.86,67.25,1
15827,15827,MONTE SANTO,19/02/2002,0.0,30.3,21.3,25.8,58.25,1
15828,15828,MONTE SANTO,20/02/2002,0.0,29.3,20.3,24.68,73.25,3
15829,15829,MONTE SANTO,21/02/2002,0.2,30.4,20.5,25.3,57.0,3
15830,15830,MONTE SANTO,22/02/2002,0.0,30.4,20.9,25.22,53.5,4
15831,15831,MONTE SANTO,24/02/2002,0.0,33.4,20.5,26.72,42.75,2
15832,15832,MONTE SANTO,25/02/2002,0.0,32.4,20.0,25.8,53.0,1
15833,15833,MONTE SANTO,26/02/2002,0.0,31.4,20.3,25.62,51.75,9
15834,15834,MONTE SANTO,27/02/2002,0.0,32.4,20.2,25.46,52.0,3
15835,15835,MONTE SANTO,28/02/2002,0.0,32.2,20.1,25.78,56.25,7
15836,15836,MONTE SANTO,01/03/2002,0.0,32.0,21.2,25.38,54.0,3
15837,15837,MONTE SANTO,02/03/2002,1.6,31.0,21.5,25.28,59.25,1
15838,15838,MONTE SANTO,04/03/2002,0.0,31.1,20.0,24.6,66.75,3
15839,15839,MONTE SANTO,05/03/2002,0.0,29.0,21.1,24.3,70.25,4
15840,15840,MONTE SANTO,06/03/2002,0.1,30.9,20.3,25.06,64.5,2
15841,15841,MONTE SANTO,07/03/2002,0.0,28.9,20.9,25.24,61.25,3
15842,15842,MONTE SANTO,08/03/2002,1.2,32.0,20.0,24.34,81.75,2
15843,15843,MONTE SANTO,11/03/2002,0.0,34.2,18.1,25.32,59.5,3
15844,15844,MONTE SANTO,12/03/2002,0.0,32.7,19.5,25.72,56.0,3
15845,15845,MONTE SANTO,13/03/2002,0.0,32.1,20.5,26.18,55.5,5
15846,15846,MONTE SANTO,14/03/2002,0.0,32.8,20.1,26.18,57.0,4
15847,15847,MONTE SANTO,15/03/2002,0.0,33.9,20.7,26.86,49.75,2
15848,15848,MONTE SANTO,16/03/2002,0.0,32.5,21.0,25.92,60.25,2
15849,15849,MONTE SANTO,17/03/2002,0.0,31.9,21.3,26.34,53.25,1
15850,15850,MONTE SANTO,18/03/2002,0.0,32.4,20.2,26.32,50.0,8
15851,15851,MONTE SANTO,19/03/2002,0.0,32.0,21.3,25.6,55.0,5
15852,15852,MONTE SANTO,20/03/2002,0.0,32.0,21.7,26.18,54.5,5
15853,15853,MONTE SANTO,21/03/2002,0.0,33.5,21.9,27.64,43.25,3
15854,15854,MONTE SANTO,22/03/2002,0.0,34.7,22.1,27.58,52.75,3
15855,15855,MONTE SANTO,23/03/2002,0.0,31.5,21.9,26.24,57.0,3
15856,15856,MONTE SANTO,24/03/2002,0.0,32.5,22.2,26.94,54.0,4
15857,15857,MONTE SANTO,26/03/2002,0.0,34.5,19.9,26.7,53.5,3
15858,15858,MONTE SANTO,27/03/2002,0.0,33.9,22.6,26.66,56.25,4
15859,15859,MONTE SANTO,28/03/2002,0.0,31.5,20.1,25.1,66.5,2
15860,15860,MONTE SANTO,31/03/2002,0.1,33.9,21.3,29.08,36.25,1
15861,15861,MONTE SANTO,01/04/2002,0.0,30.1,21.8,25.0,68.75,1
15862,15862,MONTE SANTO,02/04/2002,0.2,30.9,22.1,24.7,76.75,2
15863,15863,MONTE SANTO,03/04/2002,0.0,31.9,20.5,25.46,63.25,2
15864,15864,MONTE SANTO,04/04/2002,0.0,30.1,20.9,24.34,73.5,1
15865,15865,MONTE SANTO,05/04/2002,0.0,30.1,20.1,25.4,63.75,2
15866,15866,MONTE SANTO,06/04/2002,0.0,32.4,25.0,26.9,57.5,2
15867,15867,MONTE SANTO,08/04/2002,0.9,32.5,22.1,26.18,63.25,1
15868,15868,MONTE SANTO,09/04/2002,0.0,32.9,20.3,25.76,65.5,3
15869,15869,MONTE SANTO,10/04/2002,0.0,31.5,20.6,26.16,57.75,1
15870,15870,MONTE SANTO,15/04/2002,0.0,32.1,20.0,25.14,65.0,4
15871,15871,MONTE SANTO,16/04/2002,0.0,30.2,19.9,23.98,73.75,2
15872,15872,MONTE SANTO,17/04/2002,0.8,31.5,20.1,25.32,65.5,1
15873,15873,MONTE SANTO,20/04/2002,0.0,25.0,20.0,24.16,60.75,1
15874,15874,MONTE SANTO,22/04/2002,1.0,29.5,19.8,23.56,72.5,1
15875,15875,MONTE SANTO,23/04/2002,0.1,33.9,20.0,25.08,71.75,3
15876,15876,MONTE SANTO,24/04/2002,0.0,30.6,19.9,24.42,64.25,4
15877,15877,MONTE SANTO,26/04/2002,0.0,31.5,20.1,25.4,61.0,5
15878,15878,MONTE SANTO,27/04/2002,0.0,31.2,20.3,24.9,59.75,2
15879,15879,MONTE SANTO,06/05/2002,0.0,27.9,20.5,22.84,80.5,1
15880,15880,MONTE SANTO,08/05/2002,4.6,29.9,19.9,24.38,73.75,2
15881,15881,MONTE SANTO,16/05/2002,0.0,28.9,20.0,23.88,76.0,1
15882,15882,MONTE SANTO,21/05/2002,0.0,32.1,20.3,25.6,62.25,1
15883,15883,MONTE SANTO,02/07/2002,0.6,25.4,16.0,20.4,72.75,1
15884,15884,MONTE SANTO,14/01/2003,0.0,35.7,22.6,28.98,54.75,1
15885,15885,MONTE SANTO,28/01/2003,2.4,32.9,20.1,25.82,69.25,1
15886,15886,MONTE SANTO,06/02/2003,0.0,33.1,20.0,26.32,52.25,6
15887,15887,MONTE SANTO,10/02/2003,0.0,32.2,20.3,26.5,60.5,1
15888,15888,MONTE SANTO,11/02/2003,0.0,32.2,19.8,26.86,61.75,1
15889,15889,MONTE SANTO,18/02/2003,0.0,35.1,20.0,28.06,52.25,4
15890,15890,MONTE SANTO,19/02/2003,0.0,34.7,21.1,26.74,69.0,7
15891,15891,MONTE SANTO,20/02/2003,30.0,33.1,21.1,26.02,67.0,3
15892,15892,MONTE SANTO,22/02/2003,0.0,31.5,21.0,25.86,67.75,5
15893,15893,MONTE SANTO,23/02/2003,0.0,32.1,20.1,26.06,62.75,1
15894,15894,MONTE SANTO,24/02/2003,0.0,29.5,20.9,24.94,73.75,4
15895,15895,MONTE SANTO,25/02/2003,1.0,29.0,20.2,24.02,83.5,1
15896,15896,MONTE SANTO,26/02/2003,7.0,32.5,21.0,26.04,63.75,3
15897,15897,MONTE SANTO,27/02/2003,0.0,33.6,19.7,26.72,60.25,1
15898,15898,MONTE SANTO,28/02/2003,0.0,32.0,21.5,26.46,67.5,1
15899,15899,MONTE SANTO,02/03/2003,0.0,31.7,21.5,26.26,68.25,1
15900,15900,MONTE SANTO,03/03/2003,0.0,33.5,20.1,26.28,59.5,1
15901,15901,MONTE SANTO,04/03/2003,0.0,33.1,20.0,26.62,59.5,8
15902,15902,MONTE SANTO,05/03/2003,0.0,32.9,21.5,27.02,65.0,8
15903,15903,MONTE SANTO,07/03/2003,6.5,33.0,21.3,26.28,66.5,8
15904,15904,MONTE SANTO,10/03/2003,0.0,35.2,22.1,27.48,60.0,3
15905,15905,MONTE SANTO,11/03/2003,0.0,35.1,22.1,26.96,64.5,6
15906,15906,MONTE SANTO,12/03/2003,0.0,35.1,20.3,27.74,56.25,7
15907,15907,MONTE SANTO,13/03/2003,0.0,34.1,21.5,27.62,60.75,10
15908,15908,MONTE SANTO,14/03/2003,0.0,35.5,21.9,28.1,57.5,9
15909,15909,MONTE SANTO,15/03/2003,0.0,32.5,22.1,25.98,68.75,7
15910,15910,MONTE SANTO,16/03/2003,0.0,32.2,21.8,25.78,70.5,5
15911,15911,MONTE SANTO,17/03/2003,0.0,32.7,21.5,26.24,71.5,8
15912,15912,MONTE SANTO,18/03/2003,0.0,30.9,20.1,25.3,69.5,1
15913,15913,MONTE SANTO,19/03/2003,3.4,31.4,21.9,26.12,66.75,1
15914,15914,MONTE SANTO,20/03/2003,0.0,31.7,21.0,25.52,68.75,2
15915,15915,MONTE SANTO,21/03/2003,0.0,31.5,21.9,25.66,64.75,1
15916,15916,MONTE SANTO,22/03/2003,3.2,31.2,21.8,24.84,82.25,1
15917,15917,MONTE SANTO,24/03/2003,0.0,33.3,21.0,26.46,65.25,6
15918,15918,MONTE SANTO,25/03/2003,0.0,33.7,21.5,26.84,62.0,4
15919,15919,MONTE SANTO,26/03/2003,1.2,33.4,21.0,26.88,66.0,8
15920,15920,MONTE SANTO,27/03/2003,0.0,32.5,21.1,27.12,66.0,1
15921,15921,MONTE SANTO,29/03/2003,0.0,32.8,21.5,26.86,62.0,1
15922,15922,MONTE SANTO,30/03/2003,0.0,32.9,21.8,26.7,65.75,1
15923,15923,MONTE SANTO,31/03/2003,0.0,33.3,21.0,26.92,63.5,1
15924,15924,MONTE SANTO,01/04/2003,0.0,33.5,21.9,27.26,65.5,6
15925,15925,MONTE SANTO,02/04/2003,0.0,33.0,21.1,26.92,60.25,9
15926,15926,MONTE SANTO,03/04/2003,0.0,33.7,21.0,27.16,57.25,12
15927,15927,MONTE SANTO,04/04/2003,0.0,33.8,21.9,27.46,58.75,3
15928,15928,MONTE SANTO,05/04/2003,0.0,34.4,21.0,27.72,61.25,1
15929,15929,MONTE SANTO,06/04/2003,0.0,35.2,21.7,28.72,51.25,4
15930,15930,MONTE SANTO,07/04/2003,0.0,35.7,22.1,29.46,51.5,10
15931,15931,MONTE SANTO,08/04/2003,0.0,34.1,22.4,27.92,56.75,9
15932,15932,MONTE SANTO,09/04/2003,0.0,35.0,22.2,28.06,56.75,11
15933,15933,MONTE SANTO,10/04/2003,0.0,34.7,22.2,27.78,51.75,8
15934,15934,MONTE SANTO,11/04/2003,0.0,33.9,21.3,27.9,49.25,2
15935,15935,MONTE SANTO,12/04/2003,0.0,34.9,21.1,28.4,52.5,1
15936,15936,MONTE SANTO,13/04/2003,0.0,34.3,21.8,27.72,57.5,2
15937,15937,MONTE SANTO,14/04/2003,0.0,34.0,21.9,27.44,71.0,11
15938,15938,MONTE SANTO,15/04/2003,0.0,32.3,21.0,26.62,66.0,3
15939,15939,MONTE SANTO,16/04/2003,4.0,31.3,20.9,24.86,75.25,2
15940,15940,MONTE SANTO,17/04/2003,1.0,32.4,21.0,26.52,59.75,3
15941,15941,MONTE SANTO,19/04/2003,0.0,32.2,20.3,26.0,66.0,5
15942,15942,MONTE SANTO,20/04/2003,0.0,31.8,20.5,25.72,71.5,3
15943,15943,MONTE SANTO,21/04/2003,0.1,32.0,20.8,25.72,61.0,4
15944,15944,MONTE SANTO,22/04/2003,0.0,32.1,20.1,25.34,58.0,6
15945,15945,MONTE SANTO,23/04/2003,0.0,32.3,20.6,25.38,65.5,6
15946,15946,MONTE SANTO,24/04/2003,0.8,31.3,19.5,25.58,65.25,14
15947,15947,MONTE SANTO,25/04/2003,0.0,32.4,19.9,26.12,66.0,1
15948,15948,MONTE SANTO,26/04/2003,0.0,32.8,20.5,26.12,65.5,3
15949,15949,MONTE SANTO,27/04/2003,0.0,32.6,20.0,25.96,59.0,4
15950,15950,MONTE SANTO,28/04/2003,0.0,30.7,20.7,25.48,67.5,7
15951,15951,MONTE SANTO,29/04/2003,0.0,32.9,19.8,26.4,64.25,15
15952,15952,MONTE SANTO,30/04/2003,0.0,32.7,21.7,26.74,63.25,18
15953,15953,MONTE SANTO,01/05/2003,0.0,33.1,20.3,26.38,64.25,1
15954,15954,MONTE SANTO,02/05/2003,0.0,33.9,21.0,27.26,51.0,6
15955,15955,MONTE SANTO,03/05/2003,0.0,35.6,21.7,27.92,58.75,1
15956,15956,MONTE SANTO,05/05/2003,5.8,27.3,19.9,22.8,89.0,6
15957,15957,MONTE SANTO,06/05/2003,4.8,29.6,19.9,23.56,81.75,5
15958,15958,MONTE SANTO,07/05/2003,13.8,30.8,21.0,25.48,71.0,6
15959,15959,MONTE SANTO,08/05/2003,0.0,31.8,21.5,25.98,64.5,6
15960,15960,MONTE SANTO,09/05/2003,0.0,31.4,19.8,25.66,58.25,6
15961,15961,MONTE SANTO,10/05/2003,0.0,31.5,19.9,24.26,75.75,1
15962,15962,MONTE SANTO,12/05/2003,12.9,23.9,19.0,21.3,97.5,5
15963,15963,MONTE SANTO,13/05/2003,7.5,26.8,19.8,22.92,86.0,2
15964,15964,MONTE SANTO,14/05/2003,2.0,28.3,19.8,23.3,79.5,3
15965,15965,MONTE SANTO,15/05/2003,1.8,28.6,19.0,23.1,78.5,9
15966,15966,MONTE SANTO,16/05/2003,1.5,26.9,19.0,21.94,92.5,2
15967,15967,MONTE SANTO,18/05/2003,4.4,28.4,18.3,22.76,75.75,1
15968,15968,MONTE SANTO,19/05/2003,0.0,26.9,19.3,22.44,85.0,3
15969,15969,MONTE SANTO,20/05/2003,2.2,26.0,19.8,22.18,90.75,2
15970,15970,MONTE SANTO,21/05/2003,0.7,26.5,19.9,22.42,87.0,6
15971,15971,MONTE SANTO,22/05/2003,3.5,28.7,19.8,23.44,76.5,3
15972,15972,MONTE SANTO,23/05/2003,0.0,28.6,18.8,23.56,74.25,4
15973,15973,MONTE SANTO,24/05/2003,0.0,31.0,19.8,25.06,66.75,1
15974,15974,MONTE SANTO,25/05/2003,0.0,32.8,20.1,26.24,63.75,1
15975,15975,MONTE SANTO,26/05/2003,0.0,32.5,21.8,26.62,64.75,5
15976,15976,MONTE SANTO,28/05/2003,0.0,29.7,20.0,23.92,82.0,1
15977,15977,MONTE SANTO,29/05/2003,11.0,23.9,19.8,21.36,88.25,4
15978,15978,MONTE SANTO,31/05/2003,3.5,26.4,19.5,21.98,90.0,1
15979,15979,MONTE SANTO,02/06/2003,5.0,27.1,19.5,22.56,82.75,5
15980,15980,MONTE SANTO,03/06/2003,1.0,28.4,19.0,23.58,78.0,1
15981,15981,MONTE SANTO,04/06/2003,0.0,28.4,19.0,22.66,84.5,7
15982,15982,MONTE SANTO,05/06/2003,0.1,27.6,19.1,22.5,79.25,10
15983,15983,MONTE SANTO,06/06/2003,2.4,27.7,18.0,22.52,78.5,4
15984,15984,MONTE SANTO,08/06/2003,0.4,27.1,19.0,22.38,78.75,1
15985,15985,MONTE SANTO,09/06/2003,0.0,27.2,18.7,22.3,78.75,3
15986,15986,MONTE SANTO,10/06/2003,0.0,28.3,18.7,22.14,84.0,3
15987,15987,MONTE SANTO,12/06/2003,3.7,25.0,18.9,21.36,86.75,1
15988,15988,MONTE SANTO,13/06/2003,2.0,27.4,17.6,21.58,79.5,2
15989,15989,MONTE SANTO,16/06/2003,0.0,26.4,18.7,21.82,77.25,5
15990,15990,MONTE SANTO,17/06/2003,0.0,28.4,18.8,22.32,76.0,2
15991,15991,MONTE SANTO,18/06/2003,0.0,28.4,17.9,22.5,76.25,4
15992,15992,MONTE SANTO,19/06/2003,0.0,29.0,19.3,22.76,75.0,6
15993,15993,MONTE SANTO,20/06/2003,0.0,26.9,19.0,21.94,84.5,3
15994,15994,MONTE SANTO,23/06/2003,0.0,28.2,18.0,22.4,71.75,1
15995,15995,MONTE SANTO,24/06/2003,0.4,24.6,19.0,20.92,93.75,1
15996,15996,MONTE SANTO,25/06/2003,22.5,26.6,19.0,22.12,83.5,1
15997,15997,MONTE SANTO,26/06/2003,1.6,24.7,18.3,20.46,81.0,2
15998,15998,MONTE SANTO,27/06/2003,0.7,23.9,16.3,19.9,87.0,1
15999,15999,MONTE SANTO,30/06/2003,0.0,27.4,18.8,22.1,74.0,1
16000,16000,MONTE SANTO,01/07/2003,7.0,24.1,17.6,19.88,83.5,1
16001,16001,MONTE SANTO,14/07/2003,1.0,25.5,18.0,20.54,85.75,1
16002,16002,MONTE SANTO,21/07/2003,0.0,25.4,14.9,20.18,84.5,1
16003,16003,MONTE SANTO,22/07/2003,0.4,26.0,17.0,21.3,74.75,1
16004,16004,MONTE SANTO,23/07/2003,1.0,24.5,17.0,20.12,87.0,1
16005,16005,MONTE SANTO,25/07/2003,1.0,26.5,19.0,21.66,90.5,1
16006,16006,MONTE SANTO,26/07/2003,2.2,24.1,18.0,20.74,93.75,1
16007,16007,MONTE SANTO,27/07/2003,2.1,26.7,17.0,20.9,86.25,1
16008,16008,MONTE SANTO,30/07/2003,0.9,26.4,16.1,20.72,81.75,2
16009,16009,MONTE SANTO,22/08/2003,0.0,28.9,18.0,22.96,72.75,3
16010,16010,MONTE SANTO,26/08/2003,0.1,31.1,18.9,24.02,64.25,1
16011,16011,MONTE SANTO,27/08/2003,0.0,31.4,19.9,24.18,66.75,1
16012,16012,MONTE SANTO,28/08/2003,0.6,30.3,18.9,22.9,73.25,2
16013,16013,MONTE SANTO,31/08/2003,0.1,29.1,18.0,22.58,72.75,1
16014,16014,MONTE SANTO,10/09/2003,0.6,28.7,19.3,22.98,78.0,2
16015,16015,MONTE SANTO,11/09/2003,0.0,29.9,18.8,23.34,71.25,1
16016,16016,MONTE SANTO,17/11/2003,0.8,31.3,19.9,24.82,72.0,1
16017,16017,MONTE SANTO,12/12/2003,0.0,32.7,19.0,25.66,54.75,1
16018,16018,MONTE SANTO,08/01/2004,0.0,31.7,18.5,25.32,63.75,1
16019,16019,MONTE SANTO,06/04/2005,0.0,32.1,20.3,25.64,58.75,1
16020,16020,MONTE SANTO,07/04/2005,0.0,31.7,20.0,24.62,63.75,1
16021,16021,MONTE SANTO,01/06/2005,5.8,28.2,18.9,22.78,80.75,1
16022,16022,MONTE SANTO,06/06/2005,0.4,25.5,16.1,20.92,87.5,1
16023,16023,MONTE SANTO,06/07/2005,0.4,24.5,16.0,20.08,95.5,1
16024,16024,MONTE SANTO,10/08/2005,0.0,28.5,19.1,22.38,73.5,1
16025,16025,MONTE SANTO,13/08/2005,0.0,28.7,18.9,22.44,78.5,2
16026,16026,MONTE SANTO,19/10/2005,0.0,33.2,19.9,25.86,52.5,1
16027,16027,MONTE SANTO,24/10/2005,0.0,33.2,18.4,25.5,52.0,1
16028,16028,MONTE SANTO,07/11/2005,0.0,33.1,20.1,26.48,55.0,1
16029,16029,MONTE SANTO,14/11/2005,66.0,34.0,19.8,25.0,76.0,2
16030,16030,MONTE SANTO,20/11/2005,0.0,35.6,20.1,28.1,46.25,1
16031,16031,MONTE SANTO,19/01/2006,0.0,33.1,19.5,25.54,57.25,1
16032,16032,MONTE SANTO,20/01/2006,0.7,32.2,19.7,24.9,67.75,1
16033,16033,MONTE SANTO,23/01/2006,0.0,33.6,19.8,26.96,48.75,1
16034,16034,MONTE SANTO,24/01/2006,0.0,33.0,19.9,26.42,59.5,1
16035,16035,MONTE SANTO,26/01/2006,0.0,33.6,19.9,26.96,45.5,1
16036,16036,MONTE SANTO,23/02/2006,0.0,34.9,22.6,28.72,55.5,2
16037,16037,MONTE SANTO,02/03/2006,0.0,35.2,21.2,27.72,48.5,3
16038,16038,MONTE SANTO,04/03/2006,0.0,36.2,20.8,28.8,42.25,1
16039,16039,MONTE SANTO,06/03/2006,9.8,36.7,21.8,29.78,43.0,3
16040,16040,MONTE SANTO,08/03/2006,20.0,32.9,20.7,24.82,86.75,1
16041,16041,MONTE SANTO,09/03/2006,17.1,33.2,21.2,25.76,66.25,3
16042,16042,MONTE SANTO,10/03/2006,4.6,29.0,21.8,25.3,66.5,1
16043,16043,MONTE SANTO,12/03/2006,4.7,29.5,21.1,25.84,60.0,1
16044,16044,MONTE SANTO,13/03/2006,4.9,32.2,22.2,25.84,72.0,5
16045,16045,MONTE SANTO,14/03/2006,0.0,32.4,19.8,26.14,56.0,1
16046,16046,MONTE SANTO,15/03/2006,0.0,32.4,20.9,26.24,62.0,3
16047,16047,MONTE SANTO,18/03/2006,0.0,28.2,21.4,24.66,82.75,1
16048,16048,MONTE SANTO,19/03/2006,37.4,32.2,21.4,25.92,71.75,2
16049,16049,MONTE SANTO,04/04/2006,0.2,29.6,20.8,25.14,68.75,1
16050,16050,MONTE SANTO,26/04/2006,4.7,27.4,20.0,23.28,87.0,1
16051,16051,MONTE SANTO,03/05/2006,0.0,30.2,19.9,25.06,70.75,2
16052,16052,MONTE SANTO,08/06/2006,0.0,25.6,17.9,21.24,85.25,1
16053,16053,MONTE SANTO,09/06/2006,0.0,26.2,16.8,21.16,77.25,1
16054,16054,MONTE SANTO,15/06/2006,13.0,24.8,17.8,20.98,87.25,1
16055,16055,MONTE SANTO,06/07/2006,1.0,25.8,17.6,20.68,93.75,1
16056,16056,MONTE SANTO,08/07/2006,1.8,24.2,15.5,19.46,83.25,1
16057,16057,MONTE SANTO,10/07/2006,0.0,26.2,17.8,20.88,82.0,2
16058,16058,MONTE SANTO,11/07/2006,2.0,26.2,18.6,20.98,78.0,1
16059,16059,MONTE SANTO,12/07/2006,0.0,23.2,16.4,19.76,91.25,3
16060,16060,MONTE SANTO,17/07/2006,2.0,24.0,16.8,19.12,92.25,1
16061,16061,MONTE SANTO,26/07/2006,0.0,24.2,18.1,20.64,93.5,1
16062,16062,MONTE SANTO,01/08/2006,0.0,26.2,18.7,21.98,81.5,2
16063,16063,MONTE SANTO,28/10/2006,0.0,36.2,20.4,28.56,43.0,3
16064,16064,MONTE SANTO,10/11/2006,1.7,32.2,23.8,26.32,64.5,5
16065,16065,MONTE SANTO,17/11/2006,14.9,26.6,20.7,22.26,83.25,4
16066,16066,MONTE SANTO,27/11/2006,0.0,33.0,19.3,26.46,50.75,1
16067,16067,MONTE SANTO,28/11/2006,0.0,32.2,20.0,25.84,55.0,1
16068,16068,MONTE SANTO,29/11/2006,0.0,32.8,20.1,26.06,52.5,1
16069,16069,MONTE SANTO,07/02/2007,0.0,33.2,20.0,27.06,57.5,1
16070,16070,MONTE SANTO,08/02/2007,0.0,33.8,20.2,26.74,52.0,1
16071,16071,MONTE SANTO,10/02/2007,0.0,34.8,20.8,26.18,65.75,1
16072,16072,MONTE SANTO,12/02/2007,0.0,36.2,21.8,29.2,47.25,1
16073,16073,MONTE SANTO,23/02/2007,2.4,29.0,18.8,23.22,80.0,1
16074,16074,MONTE SANTO,26/02/2007,2.0,31.0,20.5,25.38,67.5,4
16075,16075,MONTE SANTO,01/03/2007,0.0,31.2,19.8,24.54,73.75,1
16076,16076,MONTE SANTO,08/03/2007,0.3,28.9,20.0,23.54,74.25,2
16077,16077,MONTE SANTO,09/03/2007,3.8,28.4,21.4,23.96,72.25,1
16078,16078,MONTE SANTO,11/03/2007,0.0,31.4,20.0,24.88,71.75,1
16079,16079,MONTE SANTO,15/03/2007,3.1,30.0,20.0,24.96,64.5,2
16080,16080,MONTE SANTO,19/03/2007,0.0,30.5,20.3,24.96,68.25,1
16081,16081,MONTE SANTO,21/03/2007,0.0,33.0,21.3,26.5,56.75,1
16082,16082,MONTE SANTO,27/03/2007,0.7,29.2,20.5,23.78,79.5,5
16083,16083,MONTE SANTO,02/04/2007,0.0,31.2,19.9,25.2,66.5,10
16084,16084,MONTE SANTO,09/04/2007,0.0,34.9,19.1,27.26,48.75,4
16085,16085,MONTE SANTO,10/04/2007,0.0,32.9,20.7,27.64,48.25,1
16086,16086,MONTE SANTO,16/04/2007,0.0,32.2,19.2,25.4,66.25,4
16087,16087,MONTE SANTO,20/04/2007,16.0,30.2,19.8,24.42,68.25,4
16088,16088,MONTE SANTO,23/04/2007,0.2,29.8,19.5,24.58,67.75,8
16089,16089,MONTE SANTO,24/04/2007,0.6,29.4,19.5,23.98,68.5,1
16090,16090,MONTE SANTO,27/04/2007,0.0,31.2,20.0,25.4,61.25,2
16091,16091,MONTE SANTO,28/04/2007,0.0,31.2,18.8,24.04,68.75,2
16092,16092,MONTE SANTO,30/04/2007,2.5,28.9,19.5,23.68,73.0,3
16093,16093,MONTE SANTO,02/05/2007,1.3,30.0,19.0,24.42,69.25,1
16094,16094,MONTE SANTO,03/05/2007,5.8,28.2,19.9,23.38,77.0,2
16095,16095,MONTE SANTO,06/05/2007,0.5,30.0,18.9,24.62,67.0,1
16096,16096,MONTE SANTO,07/05/2007,0.3,30.2,19.5,24.34,64.75,3
16097,16097,MONTE SANTO,09/05/2007,0.0,31.6,20.1,25.34,60.25,1
16098,16098,MONTE SANTO,14/05/2007,2.5,27.8,18.4,23.6,79.25,1
16099,16099,MONTE SANTO,16/05/2007,0.7,28.2,20.1,22.9,81.5,1
16100,16100,MONTE SANTO,18/05/2007,0.0,27.4,19.3,22.74,81.5,1
16101,16101,MONTE SANTO,19/05/2007,3.2,25.2,20.0,22.08,88.0,2
16102,16102,MONTE SANTO,21/05/2007,0.0,26.4,18.5,22.04,83.25,2
16103,16103,MONTE SANTO,22/05/2007,2.0,28.2,17.8,22.7,81.25,1
16104,16104,MONTE SANTO,23/05/2007,0.0,30.5,18.8,23.66,75.25,1
16105,16105,MONTE SANTO,24/05/2007,0.0,31.8,18.4,24.6,63.5,1
16106,16106,MONTE SANTO,25/05/2007,0.0,32.0,19.1,25.22,63.0,1
16107,16107,MONTE SANTO,28/05/2007,12.5,30.7,19.4,24.34,68.0,2
16108,16108,MONTE SANTO,29/05/2007,0.0,29.6,19.4,24.6,63.75,3
16109,16109,MONTE SANTO,25/06/2007,0.0,26.2,16.8,20.88,91.5,1
16110,16110,MONTE SANTO,16/07/2007,0.0,27.4,16.5,21.38,80.25,2
16111,16111,MONTE SANTO,23/07/2007,0.0,28.0,17.6,22.54,72.0,2
16112,16112,MONTE SANTO,24/07/2007,0.0,29.6,16.6,23.04,69.5,3
16113,16113,MONTE SANTO,27/07/2007,0.0,26.2,18.5,21.82,82.75,3
16114,16114,MONTE SANTO,30/07/2007,1.9,21.1,16.7,18.6,94.5,1
16115,16115,MONTE SANTO,03/08/2007,0.6,23.2,17.3,19.8,90.5,2
16116,16116,MONTE SANTO,09/08/2007,1.5,26.8,16.6,21.04,81.0,1
16117,16117,MONTE SANTO,03/09/2007,0.8,26.2,16.1,20.78,86.75,2
16118,16118,MONTE SANTO,10/09/2007,2.5,27.8,17.6,22.56,75.25,2
16119,16119,MONTE SANTO,12/09/2007,1.7,26.2,16.8,20.72,79.25,1
16120,16120,MONTE SANTO,26/09/2007,0.0,29.9,16.0,22.82,66.0,1
16121,16121,MONTE SANTO,02/10/2007,0.0,30.6,16.8,23.44,64.75,1
16122,16122,MONTE SANTO,03/10/2007,0.0,29.2,17.6,23.64,65.25,2
16123,16123,MONTE SANTO,08/10/2007,0.0,29.2,16.8,23.16,67.0,1
16124,16124,MONTE SANTO,16/10/2007,0.0,30.2,16.6,23.04,74.0,1
16125,16125,MONTE SANTO,29/10/2007,0.0,34.4,19.9,26.44,63.5,5
16126,16126,MONTE SANTO,05/11/2007,0.0,32.7,18.8,25.32,68.25,2
16127,16127,MONTE SANTO,10/11/2007,0.0,32.2,17.2,25.22,67.0,1
16128,16128,MONTE SANTO,14/12/2007,0.0,33.9,19.0,27.02,67.0,1
16129,16129,MONTE SANTO,19/12/2007,2.3,32.2,19.0,25.54,74.5,2
16130,16130,MONTE SANTO,20/12/2007,0.0,35.1,18.8,26.76,67.25,2
16131,16131,MONTE SANTO,21/12/2007,0.0,35.5,19.0,27.06,65.75,1
16132,16132,MONTE SANTO,02/01/2008,0.0,32.2,18.6,25.26,69.5,1
16133,16133,MONTE SANTO,03/01/2008,0.0,32.2,18.8,24.94,71.5,7
16134,16134,MONTE SANTO,04/01/2008,0.0,33.8,19.5,25.54,76.5,8
16135,16135,MONTE SANTO,07/01/2008,0.0,37.1,20.1,28.66,62.25,3
16136,16136,MONTE SANTO,10/01/2008,0.0,34.2,18.5,26.66,67.0,3
16137,16137,MONTE SANTO,14/01/2008,0.0,33.9,18.1,25.56,65.5,7
16138,16138,MONTE SANTO,16/01/2008,0.0,31.9,20.1,25.32,79.25,1
16139,16139,MONTE SANTO,18/01/2008,0.0,34.5,20.1,27.44,64.25,1
16140,16140,MONTE SANTO,22/01/2008,0.0,33.1,21.1,27.0,75.0,1
16141,16141,MONTE SANTO,28/01/2008,0.0,34.2,19.8,27.3,64.25,1
16142,16142,MONTE SANTO,31/01/2008,0.0,31.9,21.3,26.6,80.25,6
16143,16143,MONTE SANTO,11/02/2008,0.0,32.8,19.0,26.14,67.25,1
16144,16144,MONTE SANTO,18/02/2008,0.0,33.0,20.0,26.54,72.25,2
16145,16145,MONTE SANTO,27/02/2008,35.5,31.0,20.0,25.1,77.25,1
16146,16146,MONTE SANTO,28/02/2008,8.8,32.2,20.7,25.68,84.25,5
16147,16147,MONTE SANTO,07/03/2008,0.0,32.9,19.8,26.96,64.25,1
16148,16148,MONTE SANTO,10/03/2008,0.0,33.7,20.0,26.48,68.5,1
16149,16149,MONTE SANTO,24/03/2008,0.0,30.9,19.8,24.56,85.0,2
16150,16150,MONTE SANTO,26/03/2008,0.2,29.9,20.0,24.1,87.0,1
16151,16151,MONTE SANTO,31/03/2008,22.4,36.2,20.4,23.36,77.0,1
16152,16152,MONTE SANTO,01/04/2008,5.0,27.9,19.8,23.66,88.25,2
16153,16153,MONTE SANTO,02/04/2008,1.0,27.9,19.8,23.68,89.5,4
16154,16154,MONTE SANTO,03/04/2008,0.0,30.7,19.9,25.22,81.25,1
16155,16155,MONTE SANTO,04/04/2008,0.0,31.1,21.4,25.28,80.0,1
16156,16156,MONTE SANTO,07/04/2008,4.6,31.3,20.0,25.72,74.25,15
16157,16157,MONTE SANTO,09/04/2008,0.0,31.7,19.8,25.6,76.25,1
16158,16158,MONTE SANTO,10/04/2008,0.0,32.0,20.0,25.7,73.25,5
16159,16159,MONTE SANTO,12/04/2008,0.0,32.2,19.7,25.36,78.75,1
16160,16160,MONTE SANTO,13/04/2008,9.0,32.1,21.0,26.7,73.75,1
16161,16161,MONTE SANTO,14/04/2008,0.0,32.8,20.7,26.64,71.5,10
16162,16162,MONTE SANTO,15/04/2008,0.0,32.5,20.2,26.04,76.5,5
16163,16163,MONTE SANTO,16/04/2008,0.0,32.5,20.7,25.9,71.75,1
16164,16164,MONTE SANTO,22/04/2008,0.0,30.0,18.6,24.14,83.0,16
16165,16165,MONTE SANTO,24/04/2008,0.0,32.5,19.8,26.24,73.5,1
16166,16166,MONTE SANTO,25/04/2008,0.0,33.7,21.0,27.16,70.25,1
16167,16167,MONTE SANTO,26/04/2008,0.0,33.2,19.5,26.18,69.0,1
16168,16168,MONTE SANTO,27/04/2008,0.0,32.1,17.8,24.9,76.25,3
16169,16169,MONTE SANTO,28/04/2008,0.0,33.7,17.8,25.66,73.75,13
16170,16170,MONTE SANTO,29/04/2008,0.0,29.5,20.8,24.52,87.75,5
16171,16171,MONTE SANTO,30/04/2008,3.5,30.1,19.8,24.32,84.75,3
16172,16172,MONTE SANTO,02/05/2008,1.0,29.7,19.7,23.66,86.5,3
16173,16173,MONTE SANTO,03/05/2008,1.4,31.2,19.0,25.26,76.75,9
16174,16174,MONTE SANTO,07/05/2008,0.0,32.3,19.0,26.6,67.5,1
16175,16175,MONTE SANTO,19/05/2008,7.8,27.1,18.0,22.82,88.25,23
16176,16176,MONTE SANTO,26/05/2008,0.0,27.7,17.1,22.1,93.75,3
16177,16177,MONTE SANTO,27/05/2008,4.9,27.8,17.7,22.64,81.0,3
16178,16178,MONTE SANTO,28/05/2008,0.0,27.7,17.8,21.76,89.75,2
16179,16179,MONTE SANTO,29/05/2008,0.0,25.7,17.7,21.8,93.0,4
16180,16180,MONTE SANTO,30/05/2008,4.4,28.1,17.0,22.4,85.75,2
16181,16181,MONTE SANTO,02/06/2008,0.2,27.0,15.8,21.5,85.25,4
16182,16182,MONTE SANTO,09/06/2008,5.6,27.1,18.2,21.6,89.25,2
16183,16183,MONTE SANTO,11/06/2008,0.6,28.0,16.0,21.74,85.75,1
16184,16184,MONTE SANTO,16/06/2008,0.0,29.0,18.6,22.78,85.25,1
16185,16185,MONTE SANTO,18/06/2008,0.0,25.5,16.9,21.18,90.5,1
16186,16186,MONTE SANTO,25/06/2008,0.0,25.6,16.2,20.92,88.0,2
16187,16187,MONTE SANTO,21/07/2008,1.0,26.0,15.4,20.1,90.5,1
16188,16188,MONTE SANTO,04/08/2008,13.2,29.2,18.5,23.36,83.25,2
16189,16189,MONTE SANTO,16/08/2008,1.8,25.2,16.8,20.62,90.5,1
16190,16190,MONTE SANTO,18/08/2008,0.0,25.1,15.8,19.76,87.75,2
16191,16191,MONTE SANTO,26/08/2008,1.8,28.8,14.8,21.42,79.25,1
16192,16192,MONTE SANTO,30/08/2008,0.0,30.1,17.0,23.56,73.5,1
16193,16193,MONTE SANTO,08/09/2008,0.0,29.6,18.6,23.8,70.25,1
16194,16194,MONTE SANTO,25/09/2008,0.0,32.7,18.8,25.04,70.75,1
16195,16195,MONTE SANTO,20/10/2008,0.0,33.8,18.8,25.3,71.75,1
16196,16196,MONTE SANTO,03/11/2008,0.0,33.2,19.0,26.82,63.25,2
16197,16197,MONTE SANTO,10/11/2008,0.0,35.0,18.8,27.54,60.0,1
16198,16198,MONTE SANTO,13/11/2008,0.0,34.4,19.5,27.58,60.0,1
16199,16199,MONTE SANTO,17/11/2008,0.0,34.2,18.5,26.92,57.5,1
16200,16200,MONTE SANTO,26/11/2008,4.4,32.2,20.0,25.9,62.75,1
16201,16201,MONTE SANTO,17/12/2008,0.0,33.2,19.6,26.48,61.0,1
16202,16202,MONTE SANTO,06/01/2009,5.3,29.5,19.8,25.54,76.0,1
16203,16203,MONTE SANTO,07/01/2009,17.2,32.1,20.0,26.3,67.0,1
16204,16204,MONTE SANTO,08/01/2009,0.0,32.5,19.0,26.06,61.5,2
16205,16205,MONTE SANTO,19/01/2009,0.0,33.5,17.8,26.3,54.5,3
16206,16206,MONTE SANTO,20/01/2009,0.0,37.6,17.4,28.08,47.5,1
16207,16207,MONTE SANTO,21/01/2009,0.0,35.5,19.5,28.36,58.75,1
16208,16208,MONTE SANTO,23/01/2009,0.0,34.7,20.2,28.32,51.75,1
16209,16209,MONTE SANTO,26/01/2009,0.0,34.2,21.7,27.76,58.75,6
16210,16210,MONTE SANTO,27/01/2009,0.0,33.8,19.5,27.02,55.5,4
16211,16211,MONTE SANTO,02/02/2009,0.0,35.5,20.0,27.8,55.75,7
16212,16212,MONTE SANTO,05/02/2009,0.0,32.5,19.5,26.68,60.25,1
16213,16213,MONTE SANTO,06/02/2009,0.0,34.5,19.5,27.26,61.5,1
16214,16214,MONTE SANTO,09/02/2009,0.0,33.5,21.6,27.88,57.75,5
16215,16215,MONTE SANTO,12/02/2009,0.0,34.1,19.5,27.38,56.25,1
16216,16216,MONTE SANTO,16/02/2009,0.0,34.1,19.2,26.64,60.75,12
16217,16217,MONTE SANTO,19/02/2009,0.0,31.5,18.6,25.48,65.75,1
16218,16218,MONTE SANTO,20/02/2009,0.0,33.2,19.5,25.88,67.25,1
16219,16219,MONTE SANTO,26/02/2009,0.0,31.6,19.8,25.14,72.5,15
16220,16220,MONTE SANTO,27/02/2009,0.0,31.2,18.6,24.94,70.75,2
16221,16221,MONTE SANTO,02/03/2009,0.0,31.2,19.8,25.7,68.75,1
16222,16222,MONTE SANTO,03/03/2009,0.0,33.7,19.5,26.56,66.25,12
16223,16223,MONTE SANTO,04/03/2009,0.0,33.3,20.0,27.0,64.75,3
16224,16224,MONTE SANTO,05/03/2009,0.0,35.5,20.5,28.8,57.0,2
16225,16225,MONTE SANTO,06/03/2009,0.0,34.5,21.0,27.82,60.75,9
16226,16226,MONTE SANTO,08/03/2009,0.0,35.0,20.0,27.24,58.5,3
16227,16227,MONTE SANTO,09/03/2009,0.0,34.7,18.1,26.48,58.75,3
16228,16228,MONTE SANTO,10/03/2009,0.0,34.5,19.3,26.44,62.0,1
16229,16229,MONTE SANTO,11/03/2009,0.0,34.5,18.9,26.32,62.0,1
16230,16230,MONTE SANTO,12/03/2009,0.3,33.7,19.3,26.32,69.0,6
16231,16231,MONTE SANTO,13/03/2009,0.0,35.1,18.9,27.28,60.75,1
16232,16232,MONTE SANTO,16/03/2009,0.0,35.4,21.5,28.96,57.5,29
16233,16233,MONTE SANTO,17/03/2009,0.0,33.6,22.7,27.28,66.25,5
16234,16234,MONTE SANTO,18/03/2009,2.2,34.0,19.8,27.06,64.75,5
16235,16235,MONTE SANTO,19/03/2009,0.0,34.2,19.8,26.74,64.5,1
16236,16236,MONTE SANTO,20/03/2009,0.0,33.8,19.8,27.82,59.0,1
16237,16237,MONTE SANTO,23/03/2009,0.0,35.9,22.9,28.96,52.25,12
16238,16238,MONTE SANTO,24/03/2009,0.0,35.1,21.1,28.56,54.25,3
16239,16239,MONTE SANTO,25/03/2009,0.0,35.6,21.4,28.88,54.25,3
16240,16240,MONTE SANTO,26/03/2009,17.3,33.1,19.5,26.76,63.75,10
16241,16241,MONTE SANTO,27/03/2009,0.0,35.1,21.3,28.44,59.25,4
16242,16242,MONTE SANTO,30/03/2009,0.0,36.2,21.8,29.98,54.75,26
16243,16243,MONTE SANTO,31/03/2009,0.0,36.2,21.8,29.34,55.0,5
16244,16244,MONTE SANTO,06/04/2009,0.0,35.5,20.0,27.58,60.25,26
16245,16245,MONTE SANTO,13/04/2009,0.0,30.2,18.8,24.34,76.25,16
16246,16246,MONTE SANTO,14/04/2009,4.0,29.2,18.8,24.06,85.75,1
16247,16247,MONTE SANTO,15/04/2009,0.0,32.2,19.2,26.14,68.5,5
16248,16248,MONTE SANTO,16/04/2009,0.0,32.2,19.0,26.02,70.25,1
16249,16249,MONTE SANTO,17/04/2009,0.0,31.2,19.5,25.2,75.25,10
16250,16250,MONTE SANTO,20/04/2009,0.1,29.5,19.5,25.22,71.0,17
16251,16251,MONTE SANTO,22/04/2009,8.3,26.9,19.4,22.9,89.25,5
16252,16252,MONTE SANTO,23/04/2009,18.3,26.5,19.1,22.88,88.5,1
16253,16253,MONTE SANTO,24/04/2009,0.8,30.1,19.3,24.6,81.25,4
16254,16254,MONTE SANTO,27/04/2009,0.0,32.2,20.0,26.54,56.5,17
16255,16255,MONTE SANTO,28/04/2009,0.0,31.2,18.8,25.34,70.25,2
16256,16256,MONTE SANTO,04/05/2009,7.0,26.2,16.8,21.6,88.0,2
16257,16257,MONTE SANTO,05/05/2009,0.0,28.2,18.6,22.78,83.0,14
16258,16258,MONTE SANTO,09/05/2009,4.7,25.8,19.1,22.32,92.0,1
16259,16259,MONTE SANTO,11/05/2009,0.0,26.4,19.3,22.58,92.75,4
16260,16260,MONTE SANTO,13/05/2009,0.0,28.2,17.8,23.04,82.0,1
16261,16261,MONTE SANTO,15/05/2009,0.7,29.2,19.7,24.5,79.25,3
16262,16262,MONTE SANTO,17/05/2009,0.0,30.0,19.0,23.68,79.25,1
16263,16263,MONTE SANTO,18/05/2009,1.3,28.5,19.0,22.98,91.75,12
16264,16264,MONTE SANTO,19/05/2009,9.4,23.5,17.1,20.8,94.25,2
16265,16265,MONTE SANTO,25/05/2009,1.0,26.2,17.0,22.16,79.75,5
16266,16266,MONTE SANTO,02/06/2009,0.0,30.9,18.1,24.56,68.5,16
16267,16267,MONTE SANTO,08/06/2009,0.0,25.0,18.6,21.5,89.25,3
16268,16268,MONTE SANTO,22/06/2009,2.2,24.9,17.9,21.18,90.25,2
16269,16269,MONTE SANTO,20/07/2009,0.0,28.8,16.0,21.86,83.0,3
16270,16270,MONTE SANTO,17/08/2009,0.0,25.6,15.4,20.16,86.25,1
16271,16271,MONTE SANTO,26/08/2009,0.0,28.9,15.1,22.44,78.5,1
16272,16272,MONTE SANTO,15/09/2009,0.0,31.2,17.0,23.24,71.25,1
16273,16273,MONTE SANTO,03/12/2009,2.3,33.7,19.9,27.1,66.75,1
16274,16274,MONTE SANTO,07/12/2009,0.0,34.7,20.6,26.7,67.0,2
16275,16275,MONTE SANTO,04/01/2010,0.0,33.8,17.8,24.96,70.75,3
16276,16276,MONTE SANTO,07/01/2010,1.4,32.2,18.5,26.14,65.5,1
16277,16277,MONTE SANTO,11/01/2010,0.0,33.2,18.8,25.54,63.25,2
16278,16278,MONTE SANTO,25/01/2010,0.0,32.5,22.6,27.36,61.25,1
16279,16279,MONTE SANTO,27/01/2010,0.0,34.9,19.6,26.8,64.0,2
16280,16280,MONTE SANTO,28/01/2010,0.0,33.7,20.1,26.92,61.5,1
16281,16281,MONTE SANTO,01/02/2010,2.0,30.2,18.6,24.78,79.0,3
16282,16282,MONTE SANTO,02/02/2010,0.0,32.2,19.0,26.34,64.5,2
16283,16283,MONTE SANTO,03/02/2010,0.0,33.2,19.8,25.68,61.25,2
16284,16284,MONTE SANTO,08/02/2010,0.0,33.2,20.2,26.6,75.25,2
16285,16285,MONTE SANTO,10/02/2010,0.0,31.2,19.8,25.46,76.25,1
16286,16286,MONTE SANTO,19/02/2010,0.0,33.7,18.6,26.16,64.5,2
16287,16287,MONTE SANTO,22/02/2010,0.0,35.4,18.8,27.72,59.25,1
16288,16288,MONTE SANTO,23/02/2010,0.0,34.5,20.4,27.3,66.75,1
16289,16289,MONTE SANTO,01/03/2010,0.2,35.5,21.3,27.2,69.5,2
16290,16290,MONTE SANTO,08/03/2010,1.0,33.9,19.8,27.94,65.75,6
16291,16291,MONTE SANTO,11/03/2010,0.0,35.4,18.8,27.6,59.0,1
16292,16292,MONTE SANTO,15/03/2010,0.0,34.7,21.1,27.42,68.75,4
16293,16293,MONTE SANTO,18/03/2010,0.0,35.3,20.0,27.98,63.25,1
16294,16294,MONTE SANTO,23/03/2010,0.0,32.7,19.7,26.22,71.75,5
16295,16295,MONTE SANTO,24/03/2010,0.0,32.5,19.1,25.04,82.0,7
16296,16296,MONTE SANTO,25/03/2010,2.8,32.1,17.8,23.92,76.5,13
16297,16297,MONTE SANTO,26/03/2010,0.0,32.2,19.1,25.22,77.5,9
16298,16298,MONTE SANTO,29/03/2010,0.1,32.2,18.7,24.38,80.0,8
16299,16299,MONTE SANTO,30/03/2010,7.0,31.5,20.0,25.98,71.75,2
16300,16300,MONTE SANTO,05/04/2010,2.0,32.2,19.5,25.72,76.25,15
16301,16301,MONTE SANTO,07/04/2010,0.0,34.2,20.8,27.8,62.0,3
16302,16302,MONTE SANTO,12/04/2010,0.5,24.8,17.5,21.28,92.25,1
16303,16303,MONTE SANTO,14/04/2010,7.7,26.9,16.2,22.36,86.25,21
16304,16304,MONTE SANTO,18/04/2010,0.9,31.0,19.1,24.7,80.0,1
16305,16305,MONTE SANTO,20/04/2010,0.0,30.5,17.4,24.06,77.25,1
16306,16306,MONTE SANTO,22/04/2010,0.0,30.8,18.7,25.2,77.75,12
16307,16307,MONTE SANTO,26/04/2010,0.4,31.0,18.3,24.46,83.5,15
16308,16308,MONTE SANTO,28/04/2010,0.0,31.7,19.0,25.32,80.25,1
16309,16309,MONTE SANTO,29/04/2010,0.0,31.5,18.5,24.54,81.75,3
16310,16310,MONTE SANTO,03/05/2010,1.0,28.0,17.7,22.24,83.25,22
16311,16311,MONTE SANTO,04/05/2010,1.4,24.2,17.0,21.42,88.5,4
16312,16312,MONTE SANTO,10/05/2010,1.0,31.6,17.7,24.8,67.75,9
16313,16313,MONTE SANTO,17/05/2010,2.1,27.0,18.3,22.86,94.0,9
16314,16314,MONTE SANTO,18/05/2010,2.8,30.0,17.6,23.96,83.0,2
16315,16315,MONTE SANTO,19/05/2010,0.0,30.5,18.1,24.04,84.5,1
16316,16316,MONTE SANTO,20/05/2010,0.0,30.9,18.0,23.94,79.5,1
16317,16317,MONTE SANTO,24/05/2010,0.0,31.7,18.8,24.76,79.0,6
16318,16318,MONTE SANTO,27/05/2010,0.0,31.9,18.1,24.76,72.5,2
16319,16319,MONTE SANTO,31/05/2010,0.0,31.7,18.1,25.64,69.75,16
16320,16320,MONTE SANTO,07/06/2010,0.0,30.2,16.8,23.0,84.25,12
16321,16321,MONTE SANTO,08/06/2010,0.0,25.2,17.0,21.22,89.25,1
16322,16322,MONTE SANTO,14/06/2010,0.0,26.2,15.8,20.26,85.75,1
16323,16323,MONTE SANTO,21/06/2010,0.0,29.2,16.4,24.5,74.75,15
16324,16324,MONTE SANTO,29/06/2010,2.1,26.0,17.5,21.24,93.25,4
16325,16325,MONTE SANTO,06/07/2010,7.6,25.4,16.0,20.42,84.0,7
16326,16326,MONTE SANTO,12/07/2010,0.0,29.2,16.5,22.04,83.75,5
16327,16327,MONTE SANTO,19/07/2010,5.0,26.1,14.4,20.2,91.5,9
16328,16328,MONTE SANTO,26/07/2010,0.9,24.5,15.1,20.16,94.5,2
16329,16329,MONTE SANTO,27/09/2010,0.0,30.9,15.1,23.34,73.0,2
16330,16330,MONTE SANTO,06/10/2010,0.0,33.2,18.8,25.34,64.0,2
16331,16331,MONTE SANTO,14/10/2010,0.0,31.7,17.1,24.32,69.5,1
16332,16332,MONTE SANTO,25/10/2010,0.3,34.1,22.1,27.06,65.75,2
16333,16333,MONTE SANTO,08/11/2010,0.0,32.6,18.6,24.98,67.0,2
16334,16334,MONTE SANTO,17/11/2010,0.0,33.2,17.6,25.98,58.25,3
16335,16335,MONTE SANTO,24/11/2010,0.0,34.4,17.4,26.9,55.75,1
16336,16336,MONTE SANTO,30/11/2010,0.0,32.8,18.6,26.0,57.25,2
16337,16337,MONTE SANTO,14/12/2010,50.0,32.2,17.8,24.18,72.0,1
16338,16338,MONTE SANTO,27/12/2010,0.0,34.2,17.0,25.98,56.5,1
16339,16339,MONTE SANTO,03/01/2011,0.0,34.1,22.3,27.32,69.0,2
16340,16340,MONTE SANTO,24/01/2011,3.9,31.7,18.1,24.54,81.0,1
16341,16341,MONTE SANTO,31/01/2011,0.0,32.9,20.0,26.94,68.5,1
16342,16342,MONTE SANTO,25/02/2011,16.4,30.2,18.6,23.86,78.0,1
16343,16343,MONTE SANTO,14/03/2011,0.4,32.1,19.1,26.16,71.25,1
16344,16344,MONTE SANTO,15/03/2011,0.0,34.9,19.1,26.3,72.25,1
16345,16345,MONTE SANTO,28/03/2011,3.3,28.0,18.6,23.62,79.0,2
16346,16346,MONTE SANTO,11/04/2011,0.2,32.6,18.1,24.98,75.0,2
16347,16347,MONTE SANTO,18/04/2011,6.0,30.2,18.0,23.86,70.75,4
16348,16348,MONTE SANTO,19/04/2011,4.0,30.4,18.0,24.04,73.75,1
16349,16349,MONTE SANTO,25/04/2011,0.0,30.4,17.0,23.94,67.75,3
16350,16350,MONTE SANTO,02/05/2011,0.0,29.9,18.1,24.04,84.25,1
16351,16351,MONTE SANTO,30/05/2011,0.0,28.6,16.8,22.74,73.5,3
16352,16352,MONTE SANTO,19/07/2011,0.4,26.0,15.0,21.02,83.5,1
16353,16353,MONTE SANTO,25/07/2011,3.0,25.9,15.3,19.88,86.25,3
16354,16354,MONTE SANTO,02/08/2011,0.0,31.2,15.7,23.72,65.0,1
16355,16355,MONTE SANTO,05/09/2011,0.0,28.9,15.7,21.36,80.5,1
16356,16356,MONTE SANTO,26/09/2011,0.0,31.4,16.2,23.82,67.0,2
16357,16357,MONTE SANTO,04/10/2011,0.0,31.5,18.7,24.84,77.0,2
16358,16358,MONTE SANTO,17/11/2011,0.0,34.5,17.3,26.2,68.75,1
16359,16359,MONTE SANTO,22/11/2011,0.0,33.2,16.8,25.66,56.5,3
16360,16360,MONTE SANTO,29/11/2011,0.0,32.9,16.7,24.92,70.0,1
16361,16361,MONTE SANTO,30/11/2011,0.0,32.8,18.1,25.62,71.75,1
16362,16362,MONTE SANTO,07/12/2011,0.0,31.2,14.4,24.08,62.0,2
16363,16363,MONTE SANTO,13/12/2011,1.7,26.2,18.5,22.88,89.0,1
16364,16364,MONTE SANTO,19/12/2011,0.0,33.0,16.0,24.96,67.0,1
16365,16365,MONTE SANTO,03/01/2012,0.0,35.5,18.6,27.42,66.25,4
16366,16366,MONTE SANTO,10/01/2012,0.0,34.7,18.1,26.44,59.75,2
16367,16367,MONTE SANTO,26/01/2012,0.0,33.7,18.1,25.68,71.75,3
16368,16368,MONTE SANTO,06/02/2012,0.0,33.0,17.8,25.08,67.5,9
16369,16369,MONTE SANTO,09/02/2012,0.0,34.9,17.0,26.7,56.0,2
16370,16370,MONTE SANTO,15/02/2012,0.0,33.1,17.5,25.78,59.0,7
16371,16371,MONTE SANTO,16/02/2012,0.0,32.2,17.2,25.2,61.0,12
16372,16372,MONTE SANTO,20/02/2012,6.0,31.0,17.5,24.2,69.0,2
16373,16373,MONTE SANTO,22/02/2012,0.0,33.2,18.2,25.14,63.75,2
16374,16374,MONTE SANTO,24/02/2012,0.0,33.2,16.6,25.8,58.5,3
16375,16375,MONTE SANTO,28/02/2012,0.0,34.2,17.8,26.18,57.75,20
16376,16376,MONTE SANTO,29/02/2012,0.0,33.4,17.8,25.42,63.75,2
16377,16377,MONTE SANTO,02/03/2012,0.0,33.7,16.8,25.84,55.0,1
16378,16378,MONTE SANTO,05/03/2012,0.0,34.9,18.1,26.28,65.0,4
16379,16379,MONTE SANTO,06/03/2012,0.0,33.8,18.3,25.98,64.25,1
16380,16380,MONTE SANTO,08/03/2012,0.0,34.2,18.1,25.64,75.25,9
16381,16381,MONTE SANTO,09/03/2012,0.0,34.1,17.0,25.82,60.25,3
16382,16382,MONTE SANTO,10/03/2012,0.0,34.4,16.6,25.6,61.0,3
16383,16383,MONTE SANTO,11/03/2012,0.0,33.6,17.0,25.48,66.0,2
16384,16384,MONTE SANTO,12/03/2012,0.0,33.2,17.5,25.14,64.5,32
16385,16385,MONTE SANTO,14/03/2012,0.0,34.2,16.2,25.6,56.0,4
16386,16386,MONTE SANTO,16/03/2012,0.0,35.2,18.6,27.48,54.25,1
16387,16387,MONTE SANTO,17/03/2012,0.0,36.2,17.5,27.36,50.25,1
16388,16388,MONTE SANTO,19/03/2012,0.0,34.3,20.1,26.78,62.5,22
16389,16389,MONTE SANTO,23/03/2012,0.0,33.4,18.1,26.48,57.0,2
16390,16390,MONTE SANTO,24/03/2012,0.0,36.1,17.0,26.92,61.0,14
16391,16391,MONTE SANTO,25/03/2012,0.0,35.1,19.5,27.02,63.5,1
16392,16392,MONTE SANTO,27/03/2012,0.0,33.8,17.5,25.72,60.0,1
16393,16393,MONTE SANTO,28/03/2012,0.0,33.0,16.7,25.62,57.25,3
16394,16394,MONTE SANTO,09/04/2012,0.0,34.8,16.0,24.86,64.75,39
16395,16395,MONTE SANTO,13/04/2012,0.0,33.3,16.0,25.2,60.0,2
16396,16396,MONTE SANTO,16/04/2012,0.0,33.7,18.1,26.44,63.75,20
16397,16397,MONTE SANTO,17/04/2012,0.0,34.2,17.1,25.8,67.5,2
16398,16398,MONTE SANTO,23/04/2012,0.0,35.2,18.6,27.22,55.25,1
16399,16399,MONTE SANTO,24/04/2012,0.0,35.2,17.4,26.94,53.5,5
16400,16400,MONTE SANTO,10/05/2012,0.0,30.2,17.0,24.48,65.5,1
16401,16401,MONTE SANTO,14/05/2012,0.0,33.7,16.9,25.62,67.5,13
16402,16402,MONTE SANTO,15/05/2012,0.0,33.7,16.6,24.94,73.25,8
16403,16403,MONTE SANTO,21/05/2012,3.0,26.2,15.7,22.58,71.5,4
16404,16404,MONTE SANTO,22/05/2012,0.0,27.9,16.0,21.76,82.25,3
16405,16405,MONTE SANTO,28/05/2012,0.0,32.5,16.5,24.44,72.5,2
16406,16406,MONTE SANTO,05/06/2012,0.0,32.2,18.0,24.74,66.5,9
16407,16407,MONTE SANTO,12/06/2012,5.2,27.7,16.1,22.0,84.25,10
16408,16408,MONTE SANTO,13/06/2012,0.2,29.6,17.8,23.14,72.75,4
16409,16409,MONTE SANTO,19/06/2012,0.0,32.0,16.4,24.34,69.75,3
16410,16410,MONTE SANTO,25/06/2012,0.0,30.1,15.1,22.32,85.0,2
16411,16411,MONTE SANTO,03/07/2012,0.4,24.2,12.4,19.24,87.0,2
16412,16412,MONTE SANTO,09/07/2012,0.0,28.9,17.6,22.5,84.0,2
16413,16413,MONTE SANTO,18/07/2012,5.2,25.0,14.5,20.56,84.0,1
16414,16414,MONTE SANTO,23/07/2012,0.0,29.5,17.1,22.32,77.5,4
16415,16415,MONTE SANTO,02/08/2012,1.2,24.0,13.5,19.48,82.75,1
16416,16416,MONTE SANTO,07/08/2012,0.0,30.6,14.5,22.06,83.0,2
16417,16417,MONTE SANTO,13/08/2012,0.0,29.6,15.1,22.22,81.75,1
16418,16418,MONTE SANTO,21/08/2012,3.6,24.9,17.8,20.6,79.25,1
16419,16419,MONTE SANTO,11/09/2012,0.0,31.2,20.8,24.94,65.25,3
16420,16420,MONTE SANTO,02/11/2012,0.0,34.7,22.3,27.02,68.5,1
16421,16421,MONTE SANTO,25/01/2013,0.0,33.9,23.3,28.96,56.5,3
16422,16422,MONTE SANTO,28/01/2013,0.0,36.7,23.6,28.92,60.0,2
16423,16423,MONTE SANTO,04/02/2013,0.0,35.8,23.2,27.7,56.0,1
16424,16424,MONTE SANTO,04/03/2013,0.0,34.7,21.4,27.04,57.0,1
16425,16425,MONTE SANTO,18/03/2013,0.0,35.0,23.3,27.88,61.0,2
16426,16426,MONTE SANTO,08/04/2013,0.0,35.6,23.2,29.06,56.25,1
16427,16427,MONTE SANTO,22/04/2013,0.2,26.5,20.7,23.3,86.0,1
16428,16428,MONTE SANTO,26/04/2013,12.2,25.9,20.5,22.3,91.75,2
16429,16429,MONTE SANTO,27/04/2013,2.8,29.0,20.3,24.26,76.75,1
16430,16430,MONTE SANTO,13/05/2013,6.0,29.2,20.2,22.92,80.25,2
16431,16431,MONTE SANTO,20/05/2013,5.0,28.0,20.7,23.06,85.5,2
16432,16432,MONTE SANTO,21/05/2013,2.7,26.3,20.3,23.08,87.0,1
16433,16433,MONTE SANTO,22/05/2013,0.2,30.8,21.3,25.1,74.0,1
16434,16434,MONTE SANTO,03/06/2013,0.0,30.5,20.3,24.68,73.5,1
16435,16435,MONTE SANTO,10/06/2013,5.1,25.4,19.6,21.26,96.0,2
16436,16436,MONTE SANTO,17/06/2013,0.5,23.9,20.7,22.5,87.5,3
16437,16437,MONTE SANTO,01/07/2013,0.0,30.5,20.3,24.08,76.0,1
16438,16438,MONTE SANTO,09/07/2013,0.0,26.6,19.2,21.08,88.25,3
16439,16439,MONTE SANTO,18/07/2013,0.0,29.1,17.7,22.48,84.25,1
16440,16440,MONTE SANTO,22/07/2013,0.0,29.0,19.6,23.14,67.5,2
16441,16441,MONTE SANTO,23/07/2013,0.0,28.2,19.8,22.6,78.75,1
16442,16442,MONTE SANTO,26/07/2013,1.2,29.8,19.9,23.52,82.0,1
16443,16443,MONTE SANTO,29/07/2013,0.0,28.5,18.3,22.42,81.25,7
16444,16444,MONTE SANTO,05/08/2013,0.0,28.8,17.7,22.36,71.5,3
16445,16445,MONTE SANTO,10/08/2013,1.0,26.4,18.3,21.46,87.5,1
16446,16446,MONTE SANTO,12/08/2013,0.0,30.1,18.1,22.9,79.25,2
16447,16447,MONTE SANTO,19/08/2013,0.0,27.8,18.0,22.42,71.5,1
16448,16448,MONTE SANTO,26/08/2013,0.2,29.3,19.3,23.4,98.75,4
16449,16449,MONTE SANTO,09/09/2013,1.1,26.8,19.9,21.66,90.75,2
16450,16450,MONTE SANTO,23/09/2013,0.0,33.5,23.8,26.68,67.0,1
16451,16451,MONTE SANTO,30/09/2013,2.0,31.8,18.8,23.84,73.25,1
16452,16452,MONTE SANTO,08/10/2013,0.0,32.2,20.3,25.3,72.5,2
16453,16453,MONTE SANTO,04/11/2013,17.9,31.5,20.3,23.9,81.5,2
16454,16454,MONTE SANTO,11/11/2013,0.0,33.1,21.9,26.66,60.5,1
16455,16455,MONTE SANTO,13/01/2014,0.0,33.7,20.9,26.42,66.0,2
16456,16456,MONTE SANTO,27/01/2014,0.0,34.8,21.9,26.82,61.75,1
16457,16457,MONTE SANTO,10/02/2014,1.0,33.7,21.4,26.24,65.0,5
16458,16458,MONTE SANTO,17/02/2014,0.0,35.0,21.8,27.42,56.25,3
16459,16459,MONTE SANTO,21/02/2014,0.4,33.3,22.4,26.22,68.25,1
16460,16460,MONTE SANTO,24/02/2014,0.0,34.8,21.0,27.2,62.0,1
16461,16461,MONTE SANTO,26/02/2014,0.0,34.2,20.9,27.08,60.75,1
16462,16462,MONTE SANTO,27/02/2014,0.0,33.2,22.2,26.24,70.25,5
16463,16463,MONTE SANTO,03/03/2014,0.4,33.1,21.5,26.04,74.75,1
16464,16464,MONTE SANTO,10/03/2014,0.0,34.7,22.0,26.48,69.0,8
16465,16465,MONTE SANTO,30/04/2014,1.9,25.2,19.1,21.64,81.25,1
16466,16466,MONTE SANTO,05/05/2014,0.2,29.8,20.4,23.92,74.75,1
16467,16467,MONTE SANTO,12/05/2014,8.4,25.4,20.0,22.02,82.5,4
16468,16468,MONTE SANTO,19/05/2014,2.4,29.2,20.9,23.4,86.0,2
16469,16469,MONTE SANTO,02/06/2014,0.2,31.8,19.8,24.34,71.25,4
16470,16470,MONTE SANTO,07/06/2014,0.0,30.8,21.0,24.08,68.75,1
16471,16471,MONTE SANTO,09/06/2014,0.0,28.2,19.6,22.78,85.25,4
16472,16472,MONTE SANTO,16/06/2014,0.2,25.0,17.8,21.42,82.0,4
16473,16473,MONTE SANTO,30/06/2014,0.0,30.0,18.0,22.8,78.0,1
16474,16474,MONTE SANTO,04/08/2014,0.0,29.0,18.5,22.92,73.25,1
16475,16475,MONTE SANTO,11/08/2014,0.0,29.0,17.1,21.74,79.25,2
16476,16476,MONTE SANTO,17/08/2014,9.6,25.2,19.2,21.04,84.75,4
16477,16477,MONTE SANTO,25/08/2014,0.0,29.4,16.8,22.02,67.25,2
16478,16478,MONTE SANTO,17/11/2014,14.7,28.9,21.0,23.24,87.0,1
16479,16479,MONTE SANTO,24/11/2014,0.0,28.9,20.2,23.24,63.5,2
16480,16480,MONTE SANTO,22/12/2014,0.0,28.9,20.9,23.24,63.0,1
16481,16481,MONTE SANTO,19/02/2015,16.3,28.9,22.0,23.24,79.5,1
16482,16482,MONTE SANTO,01/03/2015,0.0,28.9,21.3,23.24,60.5,2
16483,16483,MONTE SANTO,10/03/2015,0.0,28.9,20.1,23.24,55.0,1
16484,16484,MONTE SANTO,14/03/2015,0.0,28.9,21.5,23.24,59.0,1
16485,16485,MONTE SANTO,20/03/2015,0.0,28.9,21.6,23.24,63.75,1
16486,16486,MONTE SANTO,23/03/2015,0.0,28.9,24.0,23.24,63.0,6
16487,16487,MONTE SANTO,13/04/2015,5.0,28.9,20.1,23.24,74.0,6
16488,16488,MONTE SANTO,20/04/2015,0.0,28.9,22.5,23.24,59.75,2
16489,16489,MONTE SANTO,21/04/2015,0.0,28.9,23.0,23.24,57.5,2
16490,16490,MONTE SANTO,22/04/2015,0.0,28.9,22.7,23.24,57.0,1
16491,16491,MONTE SANTO,30/04/2015,0.0,28.9,22.1,23.24,62.5,1
16492,16492,MONTE SANTO,04/05/2015,9.0,28.9,21.0,23.24,68.25,1
16493,16493,MONTE SANTO,05/05/2015,0.0,28.9,21.8,23.24,71.75,5
16494,16494,MONTE SANTO,07/05/2015,0.0,28.9,21.6,23.24,61.75,3
16495,16495,MONTE SANTO,12/05/2015,0.0,28.9,22.0,23.24,62.0,18
16496,16496,MONTE SANTO,13/05/2015,0.0,28.9,22.6,23.24,69.25,1
16497,16497,MONTE SANTO,17/05/2015,4.1,28.9,21.3,23.24,79.0,1
16498,16498,MONTE SANTO,19/05/2015,8.8,28.9,20.1,23.24,91.0,6
16499,16499,MONTE SANTO,20/05/2015,0.9,28.9,21.4,23.24,79.0,9
16500,16500,MONTE SANTO,21/05/2015,0.5,28.9,21.6,23.24,85.5,2
16501,16501,MONTE SANTO,22/05/2015,9.4,28.9,20.6,23.24,91.0,7
16502,16502,MONTE SANTO,23/05/2015,15.7,28.9,20.4,23.24,90.0,1
16503,16503,MONTE SANTO,25/05/2015,2.6,28.9,21.0,23.24,90.25,24
16504,16504,MONTE SANTO,26/05/2015,16.6,28.9,21.7,23.24,89.25,1
16505,16505,MONTE SANTO,27/05/2015,6.5,28.9,21.7,23.24,80.5,8
16506,16506,MONTE SANTO,28/05/2015,0.0,28.9,12.8,23.24,77.5,1
16507,16507,MONTE SANTO,29/05/2015,0.0,28.9,20.4,23.24,78.25,17
16508,16508,MONTE SANTO,30/05/2015,0.0,28.9,20.9,23.24,75.0,1
16509,16509,MONTE SANTO,02/06/2015,0.5,28.9,20.7,23.24,70.5,42
16510,16510,MONTE SANTO,05/06/2015,5.1,28.9,20.3,23.24,85.0,1
16511,16511,MONTE SANTO,08/06/2015,1.0,28.9,20.4,23.24,83.0,19
16512,16512,MONTE SANTO,01/09/2015,0.0,28.9,18.6,23.24,76.25,2
16513,16513,MONTE SANTO,29/09/2015,0.0,28.9,20.3,23.24,60.5,1
16514,16514,MONTE SANTO,30/09/2015,0.0,28.9,20.3,23.24,70.0,3
16515,16515,MONTE SANTO,01/10/2015,0.2,28.9,21.9,23.24,69.5,1
16516,16516,MONTE SANTO,05/10/2015,0.0,28.9,20.6,23.24,41.75,1
16517,16517,MONTE SANTO,10/10/2015,1.6,28.9,20.0,23.24,62.75,16
16518,16518,MONTE SANTO,15/10/2015,0.0,28.9,20.7,23.24,68.0,2
16519,16519,MONTE SANTO,06/11/2015,0.0,28.9,20.6,23.24,44.25,2
16520,16520,MONTE SANTO,17/11/2015,0.0,28.9,21.9,23.24,46.0,2
16521,16521,MONTE SANTO,11/01/2016,0.0,28.9,22.9,23.24,70.75,2
16522,16522,MONTE SANTO,17/02/2016,0.0,28.9,21.6,23.24,65.0,1
16523,16523,MONTE SANTO,23/02/2016,0.0,28.9,21.7,23.24,71.0,5
16524,16524,MONTE SANTO,07/03/2016,0.0,28.9,21.6,23.24,57.75,1
16525,16525,MONTE SANTO,14/03/2016,0.0,28.9,22.0,23.24,60.5,1
16526,16526,MONTE SANTO,30/03/2016,1.0,28.9,22.0,23.24,76.25,1
16527,16527,MONTE SANTO,04/04/2016,0.0,28.9,18.1,23.24,61.0,3
16528,16528,MONTE SANTO,05/04/2016,0.0,28.9,19.5,23.24,66.75,1
16529,16529,MONTE SANTO,10/04/2016,0.0,28.9,17.5,23.24,60.75,2
16530,16530,MONTE SANTO,11/04/2016,0.0,28.9,22.4,23.24,67.0,1
16531,16531,MONTE SANTO,12/04/2016,0.0,28.9,22.9,23.24,61.5,2
16532,16532,MONTE SANTO,18/04/2016,0.3,28.9,18.5,23.24,69.5,2
16533,16533,MONTE SANTO,26/04/2016,0.0,28.9,20.8,23.24,66.5,1
16534,16534,MONTE SANTO,02/05/2016,0.0,28.9,21.7,23.24,66.25,3
16535,16535,MONTE SANTO,10/05/2016,0.0,28.9,20.0,23.24,77.75,4
16536,16536,MONTE SANTO,16/05/2016,0.3,28.9,21.6,23.24,78.25,2
16537,16537,MONTE SANTO,22/05/2016,0.0,28.9,20.7,23.24,63.75,1
16538,16538,MONTE SANTO,23/05/2016,0.0,28.9,21.0,23.24,82.25,1
16539,16539,MONTE SANTO,25/05/2016,45.3,28.9,20.4,23.24,93.75,1
16540,16540,MONTE SANTO,04/07/2016,1.0,28.9,19.1,23.24,83.75,2
